token_name,total_direct_mentions,total_indirect_mentions,total_likes,total_retweets,total_project_followers,total_indirect_followers,soft_cap,ico_success
KXA,7110.0,96365,105902,87461,7783,2121009,100000.0,1.0
MGA,6180.0,76631,59678,81927,6735,2398075,2850000.0,1.0
BICO,2510.0,19312,32762,35707,4370,446223,21100000.0,1.0
NEXT,6990.0,11243,73785,102653,7730,3425537,3040000.0,0.0
UMAD,757.0,10526,6805,8301,941,268607,7540000.0,1.0
WIS,7870.0,94382,107205,43104,14449,1060214,400000.0,1.0
ZODI,887.0,7483,9695,5863,1398,408527,3700000.0,1.0
XTAG,8460.0,84528,94343,120828,11197,1387410,2900000.0,1.0
ILA,3920.0,35434,44938,50100,6049,649029,2200000.0,1.0
NODL,2100.0,19281,30061,27473,3462,963086,25870000.0,1.0
PEOPLE,22100.0,114646,166386,148043,30286,10551189,20000000.0,0.0
ORARE,3150.0,28899,35203,26491,4448,1484655,2260000.0,1.0
TRVL,1830.0,23091,9374,24305,2727,279072,7500000.0,1.0
RIDE,19900.0,245389,140538,143217,21355,3805494,6000000.0,1.0
NTX,3740.0,33324,22956,54781,4505,863243,2000000.0,1.0
MONO,12400.0,178655,129007,142096,15665,3225085,5400000.0,1.0
MONO,12400.0,64434,159754,95817,24061,5727975,190000.0,0.0
BLH,301.0,3935,1506,4385,465,127994,910000.0,0.0
WX,1830.0,14520,20911,20994,2854,763264,50000000.0,1.0
MS,17900.0,152731,235667,139750,26678,4904739,2000000.0,1.0
ZKP,2880.0,23899,25212,15328,3704,1180596,40000000.0,1.0
GOV,4460.0,58725,60255,52106,6927,838843,2270000.0,0.0
GOV,4460.0,37431,31141,25207,8182,1135895,15000000.0,1.0
CHICKS,18400.0,242715,209322,162297,30946,5692976,140000.0,1.0
CRAFT,3070.0,44809,31697,16978,6075,922198,2580000.0,1.0
KAKA,12400.0,124496,106609,157222,16641,5842176,2350000.0,1.0
ANTEX,8410.0,46102,69505,84233,14253,2481658,5510000.0,1.0
LORDA,2980.0,44111,16394,41615,5958,1353001,1700000.0,1.0
APR,1230.0,12483,8469,6156,1521,418150,12800000.0,1.0
NGL,4330.0,42943,55873,27791,5525,1866884,1490000.0,1.0
TITA,13700.0,189066,33553,200364,15076,3059609,2270000.0,0.0
TRD,2960.0,16645,38283,34428,4757,558665,100000.0,1.0
AURORA,2960.0,31308,40882,22963,4123,853532,13000000.0,1.0
LIBRE,3630.0,29314,49530,28118,6151,1702602,870000.0,1.0
POG,9680.0,76929,104846,75576,15025,1127763,1800000.0,1.0
GENE,14000.0,123181,100047,121213,19372,4631266,8660000.0,1.0
GOG,11400.0,63100,162618,63158,17430,2647770,5500000.0,1.0
PLN,1880.0,9659,18039,22247,2728,776692,8000000.0,1.0
MYRA,2170.0,28886,29551,30057,4069,432625,250000.0,1.0
PORTO,3880.0,58148,57898,39113,5637,1476292,4000000.0,1.0
SOURCE,727.0,8467,4957,7371,1246,75533,5360000.0,1.0
UXP,469.0,2548,3206,4826,623,51838,60090000.0,0.0
PLACE,13200.0,179832,181472,71886,20181,2134449,1940000.0,1.0
NUM,9410.0,126709,60295,129950,17803,4126367,7200000.0,1.0
CWAR,10500.0,99264,133321,145744,12038,1515813,3680000.0,1.0
XPRESS,827.0,5153,7880,7727,1566,210910,2250000.0,1.0
OLY,10400.0,120743,104605,86069,19239,2506530,140000.0,1.0
KART,1770.0,19675,21699,19567,1962,389504,1810000.0,1.0
VEE,2600.0,3035,24136,21468,2891,879039,8800000.0,0.0
CREDI,2420.0,20916,7649,12069,3168,783016,2200000.0,0.0
TNODE,957.0,13390,12592,14095,1139,350471,95000.0,1.0
CERE,5680.0,56942,42856,47181,9574,1893207,37700000.0,1.0
BEM,2430.0,9718,9862,14724,3916,1070125,2000000.0,0.0
SHILL,22100.0,305350,328261,214691,38049,10938901,300000.0,1.0
ELMON,2140.0,20276,4930,29164,2787,558479,2290000.0,0.0
GOV,4040.0,57398,48969,33183,7213,1718792,2270000.0,0.0
GOV,4040.0,25415,30437,28291,8031,1083726,15000000.0,1.0
HWL,1600.0,10217,10820,11510,2346,215791,1700000.0,1.0
SPAT,6610.0,54508,83656,81789,9008,1241994,130000.0,1.0
YIN,2890.0,36051,16418,25764,3261,731554,4500000.0,1.0
DANA,2620.0,38987,22516,15533,4625,297628,11000000.0,1.0
GGG,6050.0,32778,34988,69203,11842,1131657,2090000.0,1.0
CBX,2650.0,13495,36950,26109,3272,977957,300000.0,1.0
ARDN,1580.0,3630,6851,14651,2131,313831,130000.0,0.0
THOR,4700.0,14822,63223,42271,7584,1779875,4500000.0,0.0
ENV,989.0,14632,6801,10668,1743,366671,2750000.0,1.0
GOFX,1410.0,11115,13089,10772,1838,580271,4850000.0,1.0
MONO,12700.0,120302,144589,91106,24968,5412114,5400000.0,1.0
MONO,12700.0,21758,136040,135546,22724,5099949,190000.0,0.0
GAN,2460.0,2490,22782,13754,3414,390201,670000.0,0.0
ACK,2450.0,32747,15763,19787,3078,891614,1800000.0,1.0
SCLP,6850.0,11298,100308,70442,7538,2127502,2480000.0,0.0
DTO,4920.0,49632,36407,49830,5006,1631879,3400000.0,1.0
ERP,76.0,1046,750,388,112,13067,500000.0,1.0
SWASH,13300.0,79972,135678,112510,18140,3101719,12000000.0,1.0
SIP,5590.0,53994,51288,74503,9358,2242336,230000.0,0.0
DKT,2030.0,29695,2790,17622,3995,322701,730000.0,0.0
CPOOL,2660.0,19269,31500,39660,3331,1244169,3100000.0,1.0
DOSE,3530.0,41640,26398,37217,6694,914504,990000.0,1.0
CHIM,1290.0,11772,18325,12310,2512,174368,200000.0,1.0
OH,1440.0,14107,15630,20947,2844,429463,1920000.0,1.0
AURY,6360.0,82924,36559,19289,9520,1548419,108850000.0,0.0
BLXM,2580.0,21117,37432,27103,3590,506010,200000.0,1.0
NIFTSY,344.0,3552,2779,2313,498,87109,2500000.0,1.0
WND,5760.0,71731,52677,17045,7606,1514502,1850000.0,0.0
WTF,1120.0,8415,6889,10923,1173,270909,180000.0,0.0
LAZIO,4380.0,40320,47081,35930,4834,1680514,4000000.0,1.0
HERA,3590.0,44387,51887,36253,5287,493795,300000.0,1.0
GODS,9190.0,70947,115020,97349,9785,3655669,25320000.0,1.0
BCMC,8040.0,89413,107707,84610,12139,1480777,3980000.0,1.0
DMLG,529.0,604,2921,5873,650,244724,2130000.0,0.0
DFL,6600.0,55134,56918,75786,9348,1452328,4200000.0,1.0
DNFT,8780.0,61866,68575,91519,17164,1039377,2400000.0,1.0
TAP,1720.0,5891,17838,2893,2905,343879,130000.0,0.0
DFI,5200.0,43672,68160,62190,10085,2034243,1650000.0,1.0
STRP,993.0,11753,9339,10180,1123,397289,9000000.0,1.0
DVD,2.0,24,21,20,2,899,3650000.0,1.0
JET,1170.0,9085,5854,9936,1683,434582,11760000.0,1.0
ORE,1490.0,19491,15039,14583,2113,672895,450000.0,1.0
TTK,3080.0,21169,29849,24695,4765,404118,3200000.0,1.0
FINA,4340.0,62424,32012,35245,5166,1026492,600000.0,1.0
KST,11000.0,161749,87248,86850,11170,1223394,2530000.0,1.0
PSI,5150.0,63054,35332,30867,7608,2310590,3000000.0,1.0
RENA,15000.0,138390,178878,80267,26270,2796718,2090000.0,1.0
DWEB,682.0,4951,7197,9726,689,137269,2650000.0,1.0
WAG,25700.0,347880,323687,314532,46244,6372049,3250000.0,1.0
AZERO,14000.0,195544,121878,168014,14617,6255127,14800000.0,1.0
BETA,9930.0,99347,120398,90604,13444,2936215,3000000.0,1.0
SOLR,10600.0,122457,142122,106612,12581,1687036,1800000.0,1.0
DARK,1590.0,17844,23218,9261,3123,644018,3500000.0,1.0
BLOK,9470.0,116812,126510,110634,15589,3166902,4900000.0,1.0
PLGR,5030.0,30425,42786,48377,7763,1370539,27420000.0,1.0
HE,10400.0,63283,139405,95454,15674,2183874,1660000.0,1.0
FUFU,1350.0,13638,9995,15199,1698,254991,3600000.0,1.0
NFTA,527.0,3429,7702,7259,619,78726,1780000.0,1.0
LIME,14100.0,119993,79328,102486,28114,4117472,2140000.0,0.0
GRO,2210.0,17765,32773,22450,3962,756930,24800000.0,1.0
BLT,7220.0,105247,86009,51796,12567,2290347,1500000.0,1.0
BLT,7220.0,51918,11431,37839,13031,1295038,80490000.0,0.0
MCASH,788.0,6930,6834,7304,1253,181310,50000.0,1.0
AMAS,2230.0,22126,28718,16175,3912,498932,300000.0,1.0
PKEX,873.0,8534,8625,12500,955,172189,2850000.0,1.0
RPG,9540.0,101829,129397,142939,14261,2452637,3620000.0,1.0
RPG,9540.0,120920,83904,87061,16588,4479667,2320000.0,1.0
SCH,2300.0,33692,22210,13968,2949,787048,1620000.0,1.0
BRKL,5650.0,80368,65346,48101,8385,959308,2250000.0,1.0
DIVER,1860.0,14942,15903,23985,3206,573022,6600000.0,1.0
ORION,2330.0,32146,27239,26988,4380,512282,5700000.0,1.0
KLO,3220.0,8828,34554,4185,5346,455571,3380000.0,0.0
VERA,2400.0,16698,15074,26791,3567,635370,3500000.0,1.0
NFTD,2410.0,29757,14597,18380,2809,321705,3700000.0,1.0
SRP,2010.0,11555,13963,12266,2444,728844,1950000.0,1.0
WELD,414.0,3575,4763,5817,754,174453,3720000.0,1.0
GRBE,4800.0,12041,19169,44626,9499,1685083,1160000.0,0.0
FOREX,1850.0,14324,22272,11815,3688,396695,4410000.0,1.0
MDF,8790.0,131212,126604,80431,11800,2974514,40000.0,1.0
AMY,2020.0,26642,17245,18620,2521,337769,310000.0,1.0
DES,10800.0,113412,63331,89320,11256,2594890,5000000.0,1.0
BNPL,792.0,5911,9780,10065,841,277026,7140000.0,1.0
ILO,663.0,5003,4416,3605,1270,244203,3620000.0,1.0
RPG,9510.0,121439,110125,110434,10274,2412428,3620000.0,1.0
RPG,9510.0,88120,50006,103592,15520,1190907,2320000.0,1.0
OPUL,37200.0,388316,227709,259072,41546,11212835,6450000.0,1.0
BTRST,21500.0,259906,218505,150078,32238,2815928,12450000.0,1.0
GEL,2780.0,33746,30448,26156,4063,1123054,16000000.0,1.0
TREEB,4760.0,32253,27046,48620,8149,1336360,2750000.0,1.0
IMX,19900.0,293270,283356,162794,38489,3667493,13000000.0,1.0
XTM,5110.0,30550,63375,44305,5400,1086403,600000.0,1.0
CDX,1070.0,7783,15509,9445,1357,339791,12000000.0,1.0
VENT,1190.0,7306,13962,9395,1270,378738,1400000.0,1.0
GAFI,12300.0,175211,72345,180313,21017,2026118,2250000.0,1.0
CYS,12500.0,185634,93738,170891,16104,2558371,1250000.0,1.0
IXS,2640.0,20645,21365,37455,3695,881692,700000.0,1.0
YCT,1230.0,6738,14647,7283,2034,418819,3120000.0,1.0
FLURRY,1980.0,21626,15275,17307,3041,886823,300000.0,1.0
MNY,6980.0,92099,78364,85486,12498,1772442,800000.0,1.0
LIKE,6480.0,68482,52886,74031,9585,3019279,44400.0,1.0
ACA,11800.0,167933,167412,100996,13758,3486194,92500000.0,1.0
KNIT,10.0,128,50,60,16,1871,1470000.0,0.0
CPD,711.0,10259,8129,4583,1382,137142,2120000.0,1.0
POLI,2350.0,17996,22579,24287,4522,803527,1800000.0,1.0
OSWAP,1.0,11,15,10,2,216,1850000.0,1.0
KMA,5610.0,58088,63370,64458,5662,1923955,6600000.0,0.0
KABY,4290.0,50328,35614,9285,6324,1830936,1610000.0,0.0
NTVRK,5050.0,45193,43903,37146,9186,1077969,2500000.0,1.0
PNDR,727.0,9203,8051,5804,884,141724,2550000.0,1.0
YAY,2980.0,5556,4873,16274,5245,638388,1900000.0,0.0
EPIK,4220.0,11474,42254,54744,4902,1980682,4470000.0,0.0
TAUR,464.0,5862,2984,2457,473,180606,100000.0,1.0
WANA,6180.0,76704,14622,73445,7982,2607594,1060000.0,0.0
TECH,4940.0,29122,63275,64064,5574,1368457,2750000.0,1.0
BACON,3150.0,26414,45446,22842,5263,654358,920000.0,1.0
UGT,519.0,6103,3683,6302,574,192403,3000000.0,1.0
DNXC,3050.0,36249,28480,41590,4313,718486,1480000.0,0.0
KMON,11400.0,87049,90350,90066,18981,4094613,33000.0,1.0
EGL,543.0,3681,3613,7633,791,113005,17920000.0,1.0
PORT,11100.0,117332,115934,66215,21058,3328077,1160000.0,1.0
BRIGHT,1120.0,16328,7958,10929,1238,449295,250000.0,1.0
EQX,4170.0,62325,51514,15628,7793,1563141,290000.0,0.0
LITH,5510.0,33970,69019,81081,7343,1072106,8100000.0,1.0
GAME,12700.0,69965,127380,186615,19717,4168187,2340000.0,1.0
SPO,2370.0,13103,24115,11894,4133,945840,2960000.0,1.0
YGG,14200.0,127500,206529,91191,20097,4183253,17320000.0,0.0
POLO,2430.0,20565,29331,24662,4735,695100,450000.0,1.0
BURP,3070.0,31106,43154,25461,4897,790297,250000.0,1.0
BNC,5850.0,54693,46067,63933,10894,1351221,600000.0,1.0
RWD,154.0,440,1741,1210,253,39110,750000.0,0.0
SCA,2010.0,10452,10274,25881,2271,495191,2680000.0,0.0
CPHR,1520.0,10531,12266,11825,1650,747757,2170000.0,1.0
CART,1300.0,13128,11344,7653,2216,545525,3520000.0,1.0
OMNI,1320.0,10679,7671,8079,1547,398156,200000.0,1.0
YOLO,1960.0,28490,12454,27149,3460,408727,10000000.0,0.0
DFC,10400.0,57870,93247,65299,11403,3015158,2700000.0,1.0
OOE,22100.0,281569,58358,201450,34353,10629615,3370000.0,0.0
IPAD,1100.0,14555,8474,6762,1682,262617,700000.0,1.0
DVF,824.0,4927,6110,7976,847,265457,7000000.0,1.0
DCB,577.0,5884,5848,5110,1126,280814,350000.0,1.0
QRDO,4330.0,50371,45698,24164,5426,572208,28250000.0,1.0
SHI,18600.0,221039,172323,65792,31551,6463838,13340000.0,0.0
COLL,3530.0,9653,25774,6928,3703,395675,1630000.0,0.0
EFI,10300.0,99167,138592,53674,13661,2481003,38900000.0,1.0
DPX,9440.0,130512,84675,18672,18094,2962176,10050000.0,0.0
PLUT,5740.0,16105,76737,9717,7329,823265,180000.0,0.0
VITA,3450.0,35678,16113,10526,6578,1048815,490000.0,0.0
MPAD,7640.0,78575,74750,42099,12953,1818417,2200000.0,1.0
BUNI,4620.0,58833,37872,37119,6748,1380484,1700000.0,1.0
PINK,3310.0,26306,27227,21647,5626,870042,300000.0,1.0
HMT,2310.0,33543,24614,32219,4059,692436,100100000.0,1.0
NABOX,5210.0,67243,25678,7840,9922,1019350,680000.0,0.0
BLP,1250.0,7824,15445,11092,2463,427345,2120000.0,1.0
PERA,4740.0,60148,25714,53411,7435,2094809,2000000.0,0.0
MEM,4850.0,47602,64239,58596,6388,1678391,5350000.0,1.0
BZZ,2.0,21,12,17,4,934,15930000.0,1.0
ITGR,873.0,5407,10879,8770,1711,98724,4410000.0,1.0
IBY,1280.0,10511,11296,16776,1690,305485,240000.0,1.0
FARA,10900.0,139124,71125,64111,14820,3787253,2570000.0,1.0
OPS,2520.0,32909,17408,26130,2735,567791,450000.0,1.0
CCAI,978.0,9862,13843,10628,1534,443003,8500000.0,1.0
DLTA,615.0,8004,4413,8895,1073,277991,1910000.0,1.0
CNT,4030.0,58081,57464,46225,6640,851725,1130000.0,0.0
MOZ,3950.0,39576,22401,45570,6367,1114474,280000.0,1.0
SOLPAD,361.0,2591,4125,4413,494,145752,2660000.0,1.0
VEGA,2430.0,24577,24096,18906,2780,974995,59750000.0,1.0
BBT,5260.0,33756,69736,56104,8848,2190098,5600000.0,1.0
LSS,10100.0,72988,37295,119405,15947,3200381,2700000.0,0.0
MAKI,5820.0,63275,85933,28005,11626,1297242,1690000.0,0.0
IONX,3180.0,39252,25464,19753,3489,733161,200000.0,1.0
SAITO,3810.0,50737,40124,44982,5588,1638490,2400000.0,1.0
CAPS,16300.0,96107,222075,107473,22606,4412700,150000.0,0.0
BCUBE,1720.0,13475,18591,14778,3393,200566,3750000.0,1.0
KALM,1600.0,18649,9645,11086,3192,741539,2900000.0,1.0
CFG,4690.0,52311,26109,26339,6584,2000625,28100000.0,1.0
FREELA,9.0,48,92,107,13,2305,1600000.0,1.0
MOOV,9800.0,108048,69437,129300,12752,1153057,1000000.0,1.0
CROP,2740.0,14553,27916,40182,3480,1187254,1400000.0,1.0
PARA,2720.0,14143,21317,25968,2819,886638,300000.0,1.0
RICE,7520.0,83561,103360,96802,8681,985034,800000.0,1.0
DOP,3780.0,47068,22463,52198,5898,1505955,1320000.0,1.0
FEAR,7290.0,59752,65384,69685,8332,862055,1240000.0,1.0
NFT,20400.0,122627,70866,190676,25464,5417785,2640000.0,0.0
KALLY,325.0,3198,3252,3535,618,39053,1100000.0,1.0
EMON,1800.0,24384,13930,20555,2906,817444,200000.0,1.0
RELI,2470.0,34718,20750,22953,4690,534909,1510000.0,1.0
LNCHX,879.0,4927,7244,9615,1649,152464,1420000.0,1.0
PNODE,2800.0,34904,24950,27629,4619,1146643,780000.0,1.0
MER,2790.0,18106,24711,20653,3230,1290399,500000.0,1.0
SDAO,3630.0,14822,13495,8122,5378,1106022,5170000.0,0.0
PROT,4950.0,55713,48253,37213,9287,1047268,4230000.0,1.0
GDT,5600.0,56411,41530,82163,8811,798942,4750000.0,1.0
IOI,1460.0,13219,14382,14171,2414,711852,1800000.0,1.0
WILD,4280.0,32445,50157,47052,8552,1888649,3250000.0,1.0
POLX,4970.0,29475,66463,30504,5332,2260555,830000.0,1.0
ISP,7440.0,62984,69147,45607,9453,3660764,1910000.0,1.0
TPAD,5130.0,52896,33034,39428,5378,1320152,500000.0,1.0
SIENNA,2520.0,34317,23000,34066,3658,866724,11200000.0,1.0
LEV,5090.0,28596,29462,49893,5574,1821349,270000.0,1.0
NFTFY,2220.0,12510,23781,33223,3375,632580,28295.0,1.0
CLV,2500.0,19094,10819,23541,2604,448732,57400000.0,0.0
XCAD,8030.0,106454,59113,108146,10991,3293051,3940000.0,1.0
NAOS,2010.0,10713,29497,16048,2616,270922,5400000.0,1.0
CQT,5970.0,36921,35298,34343,9343,1976989,14440000.0,0.0
STND,7500.0,64227,94134,87463,9277,2076354,3580000.0,0.0
BLACK,2120.0,29628,18057,31743,3431,788219,70000.0,1.0
TCP,3420.0,29814,27317,32524,3592,898990,2500000.0,1.0
UNO,22100.0,284955,186628,231365,23323,4896157,2300000.0,1.0
SHO,976.0,9311,11469,5246,1100,117808,400000.0,1.0
BSCS,3850.0,46225,39921,19913,5777,1827975,860000.0,0.0
FINE,7920.0,76167,116849,111162,13515,1810364,3020000.0,0.0
TOKEN,2420.0,30896,16442,34012,3631,728858,3000000.0,1.0
DHV,1260.0,15769,15450,10538,1516,616646,4980000.0,1.0
KIAN,1170.0,7303,7974,13793,1747,248832,1720000.0,1.0
MOAR,402.0,5521,5975,4082,703,95261,130000.0,1.0
STARS,32400.0,254526,78464,439288,53280,15992380,66600000.0,0.0
MINA,9410.0,78619,58734,80515,16197,1752545,48150000.0,1.0
YAE,11300.0,94202,157896,59296,11367,3299211,1780000.0,1.0
LKR,7300.0,76667,64885,50201,7685,1393241,1200000.0,1.0
TKO,51900.0,525054,454633,682337,90175,17229470,7500000.0,1.0
CSPR,7540.0,42631,99465,62408,9156,3554220,62900000.0,1.0
GAINS,1280.0,8139,18080,14304,2086,314185,100000.0,1.0
FRA,4980.0,30364,34222,42751,6331,635492,21050000.0,1.0
COOK,2770.0,30263,15809,25885,5143,426581,130000.0,1.0
RAGE,1340.0,17270,12464,15737,2295,336863,3040000.0,1.0
XPRT,2190.0,18604,11899,12664,2749,1079089,450000.0,1.0
PMON,7740.0,97595,62011,51505,9692,3195229,90000.0,1.0
DPR,946.0,7643,5814,12363,1196,359063,750000.0,1.0
TIL,462.0,5587,6608,2431,497,95016,2390000.0,1.0
SHFT,3170.0,37889,38621,42128,4290,1460019,500000.0,1.0
EBOX,1880.0,16760,17597,25198,2187,902536,970000.0,1.0
CONV,8570.0,125952,65763,47450,8576,2690008,2300000.0,1.0
XEND,4900.0,28549,64034,50391,6818,1159397,4000000.0,1.0
VEN,11700.0,100299,84360,157629,21659,4888173,1660000.0,1.0
CATE,33700.0,338642,271575,199355,45416,6353705,100000.0,1.0
DORA,1230.0,12824,11685,12417,2354,382067,180000.0,1.0
TARA,3820.0,49702,32198,32797,3856,695248,3300000.0,1.0
STR,8370.0,90488,111816,90380,12105,2613058,500000.0,1.0
ATD,1440.0,19208,17893,20088,1937,509115,950000.0,1.0
ODDZ,4120.0,37696,21394,44594,5267,517882,150000.0,1.0
INSUR,3100.0,33297,36335,42586,5987,1055476,4500000.0,1.0
PKF,47600.0,261932,704766,352478,86381,4928412,2030000.0,0.0
KONO,7430.0,51847,92471,106743,7851,2567484,200000.0,1.0
BCUG,4890.0,31068,48989,30926,5691,765947,330000.0,1.0
OXY,5180.0,76008,45125,49765,8745,2243671,20000000.0,1.0
CGG,5320.0,36253,55262,62722,9356,1510693,1350000.0,1.0
HAPI,8860.0,109828,36758,84048,17441,3543031,2930000.0,0.0
BELT,1500.0,18056,21207,8538,1786,556473,3000000.0,1.0
ALN,1190.0,7280,16850,10218,2355,284628,1750000.0,1.0
PCNT,3160.0,22988,33386,18270,6005,1428354,1350000.0,1.0
KYL,5960.0,85586,88802,31214,10309,612956,12450000.0,1.0
BLANK,8270.0,122923,53324,68855,8292,3613759,1920000.0,1.0
APY,2530.0,14718,28758,5103,4498,481383,130000.0,0.0
ARCX,593.0,5249,7545,3442,823,255447,8300000.0,1.0
VTX,4850.0,30165,59246,54565,6955,2037689,1000000.0,1.0
EROWAN,1730.0,17422,24864,16620,2773,208084,26000000.0,1.0
FCL,10300.0,54725,146434,58049,10340,1291868,2600000.0,1.0
VSP,2.0,14,26,18,2,533,1100000.0,1.0
LYXE,2660.0,33879,29089,17825,2771,1185910,8220000.0,1.0
SOV,5180.0,26187,26458,31596,8472,1942848,13170000.0,1.0
VAI,10700.0,142573,135272,129507,12148,2674071,8600000.0,0.0
BSL,6100.0,85467,42853,75297,6774,813459,880000.0,0.0
NUX,601.0,4866,3539,7533,939,91802,6400000.0,1.0
SFP,6490.0,60439,66295,91326,6872,2489639,5000000.0,1.0
ALICE,5820.0,67124,43102,71384,11212,891950,2200000.0,1.0
MAPS,3510.0,49640,24609,12739,5811,997798,5000000.0,0.0
DAO,12100.0,84656,82107,171274,20081,3066665,7800000.0,1.0
POOLZ,13000.0,118989,86489,126237,21242,4018845,70000.0,1.0
YOP,3280.0,24643,26566,44041,6301,1246742,60600.0,1.0
CUDOS,4520.0,42521,29107,35941,5260,1444991,3000000.0,1.0
RIGEL,514.0,4240,6964,6012,888,205599,200000.0,1.0
STG,16200.0,203807,223524,89780,29413,2084059,20970000.0,0.0
BIFI,3110.0,38004,45083,37463,5513,959409,80000.0,1.0
XED,6030.0,75214,51037,36149,8802,2613327,75000.0,1.0
FIRE,11400.0,158627,84996,166715,19769,4013870,1050000.0,1.0
WHITE,1310.0,11376,11089,19190,2008,541703,200000.0,1.0
UOP,354.0,4140,1970,4173,379,133203,2000000.0,1.0
FIDA,1940.0,21844,27276,9720,3023,502569,200000.0,1.0
TVK,20900.0,143143,269584,232138,27785,5427931,110000.0,0.0
YLD,6870.0,96156,64664,101416,11953,1527367,1200000.0,1.0
BFC,4200.0,37505,29006,30432,4356,1235836,680000.0,1.0
BASE,3490.0,41743,46845,37225,3673,1049382,1410000.0,1.0
MONA,6530.0,50259,35574,29584,7490,1198234,570000.0,0.0
KNV,10.0,103,66,118,14,1516,260000.0,1.0
AXS,25800.0,140615,158070,297817,37268,11857026,2970000.0,1.0
NSURE,1350.0,15461,14971,16350,2211,444891,2120000.0,1.0
WOO,13500.0,172596,126428,123302,23834,5215436,10650000.0,1.0
FUSE,1750.0,19965,13680,24778,1828,299441,600000.0,1.0
GRT,54000.0,316308,490222,450569,99168,6089844,12000000.0,1.0
RADIX,797.0,7306,1490,8189,1341,324565,28000000.0,0.0
AKT,20400.0,293208,227982,302401,31573,4047255,800000.0,1.0
AKT,20400.0,124629,281906,295371,35829,5766947,2400000.0,1.0
UTU,1600.0,16279,21482,13705,2825,769815,2830000.0,0.0
UFT,9040.0,100022,74521,106810,14564,2086547,3250000.0,1.0
RAMP,7840.0,97040,113252,107180,14618,3412073,80000.0,1.0
JGN,3060.0,27359,15593,17191,4702,1104718,150000.0,1.0
FLOW,6910.0,36965,63261,71292,8082,2125815,19500000.0,1.0
CNTR,961.0,7308,10089,11838,1299,319379,5000000.0,1.0
MBX,5400.0,54157,72277,56941,9039,610835,2350000.0,1.0
PLOT,3390.0,32353,48161,30948,6473,1623774,200000.0,1.0
GIV,1010.0,10123,11399,13196,1626,219800,210000.0,0.0
REEF,5890.0,64743,57338,37415,7612,2922998,3900000.0,1.0
FIN,2810.0,23038,30187,18569,5412,1045951,1080000.0,1.0
CRU,7340.0,77195,69778,55803,9483,2611384,200000.0,1.0
DHT,5160.0,62752,67602,54590,9506,807793,6450000.0,1.0
LINA,4600.0,49808,40966,8582,4834,1633640,310000.0,0.0
FRONT,11100.0,65781,150371,129936,19970,2527899,600000.0,1.0
LIEN,521.0,7335,7448,6418,970,152910,1040000.0,1.0
HGET,1200.0,8560,16575,9326,1736,177569,7370000.0,1.0
PERP,2800.0,35698,12876,27017,3136,757180,9750000.0,0.0
RFUEL,3530.0,51693,46439,35233,3843,1368603,1200000.0,1.0
FIS,3710.0,20042,16417,20325,4400,1121360,1020000.0,0.0
BID,2710.0,23762,39627,11822,3135,1085538,19500000.0,0.0
OIN,2330.0,30839,27875,18129,2355,848990,190000.0,1.0
NEAR,2.0,22,10,29,4,785,33630000.0,0.0
AGT,4080.0,53078,27241,43600,6667,594037,150000.0,1.0
OPT,1940.0,15564,21011,19552,3848,965085,250000.0,1.0
CREDIT,4130.0,60206,38878,39901,6799,1345992,230000.0,0.0
AXIS,592.0,4238,7455,5043,752,286296,4800000.0,1.0
SAND,32500.0,251998,224692,445542,63039,3522006,3000000.0,1.0
SRM,5970.0,58954,53838,68041,9194,666947,660000.0,1.0
BNS,5020.0,70985,75234,34221,9093,2024087,1000000.0,1.0
PLT,5450.0,59539,73596,50783,6803,1858422,1660000.0,1.0
DSM,1970.0,13884,3395,28014,2933,274682,500000.0,0.0
SWINGBY,1120.0,7920,16272,13653,1259,499124,560000.0,1.0
AAB,465.0,6842,3832,5163,781,226410,9250000.0,1.0
ANY,3050.0,44891,34282,18106,3286,647918,62500.0,1.0
MTA,3310.0,48165,49434,30867,5743,392288,4720000.0,1.0
AVAX,67900.0,823121,414848,567263,109327,20150604,42000000.0,1.0
MTRG,3890.0,21386,35136,25080,6188,635061,600000.0,1.0
ORN,6270.0,78345,80668,43256,6507,2964665,10000.0,1.0
DMG,2650.0,19928,27910,20573,4081,604578,2000000.0,1.0
WGRT,2500.0,23558,17349,26302,4637,867352,2000000.0,1.0
RINGX,45.0,489,653,523,71,12756,50000.0,1.0
TON,8470.0,80254,52983,62158,8651,2406970,3890000.0,0.0
NDN,231.0,3288,1437,3223,362,58692,2000000.0,1.0
FNX,2420.0,20014,15657,27987,2612,323183,4400000.0,1.0
CELO,6770.0,42035,30245,86762,7705,814737,1248000000.0,0.0
JST,3590.0,17038,43750,34524,6080,1333866,4070000.0,0.0
CTSI,4190.0,21522,45158,25565,6461,739029,1500000.0,1.0
DEP,8870.0,55783,101890,127670,14857,4379533,20000000.0,1.0
KAI,28700.0,348192,185634,212591,37399,4529143,4280000.0,1.0
SOL,207000.0,1575684,1688864,365505,242889,66804384,29280000.0,0.0
XX,2980.0,11337,26231,40929,3784,950637,23000000.0,0.0
BDK,175.0,1742,2546,880,256,63597,240000.0,1.0
HDAO,1390.0,16314,9603,14671,1882,465133,2000000.0,1.0
PNK,1570.0,18025,5600,2124,2901,624520,5960000.0,0.0
WRX,5320.0,79038,53914,72836,9185,844332,2000000.0,1.0
BEPRO,8450.0,117686,106009,97367,14149,3854946,3050000.0,1.0
TROY,1770.0,20034,22492,8956,1955,745900,12400000.0,1.0
KDA,16600.0,217233,198028,143089,26809,5611093,44930000.0,0.0
EMX,270.0,1866,1961,2243,280,59749,8000000.0,0.0
ROAD,4460.0,53328,56215,41994,4597,2178716,3710000.0,1.0
CKB,7460.0,102870,102562,78538,7972,1984242,67200000.0,1.0
KAVA,8590.0,87593,47967,91182,11503,3070815,3000000.0,1.0
ROOBEE,1.0,9,12,8,2,181,11630000.0,0.0
BAND,6620.0,51653,74088,54776,7745,2772809,10850000.0,1.0
NODE,767.0,10762,9968,10885,1186,184585,1500000.0,1.0
XPO,890.0,7273,8692,12183,925,426413,5000000.0,1.0
STX,9720.0,78275,90631,103041,16110,2715568,85500000.0,0.0
DILI,133.0,1069,1773,1737,191,57536,2150000.0,1.0
PERL,1750.0,13706,25987,16772,2781,665550,6700000.0,1.0
RES,917.0,11307,920,10708,1124,393906,6800000.0,0.0
TOKO,6510.0,41675,61882,67354,10469,2863270,25000000.0,0.0
PLG,1460.0,16546,10778,19862,2133,634340,19000000.0,1.0
EGG,3840.0,23492,27968,45782,7235,1700385,4800000.0,1.0
LOL,1910.0,22028,20620,16625,3488,743408,2520000.0,1.0
UAT,185.0,941,1797,2295,219,26454,2000000.0,1.0
AUDT,715.0,3427,5343,6859,1244,78454,2200000.0,0.0
BIA,265.0,1389,2429,1762,381,125582,660000.0,1.0
FRM,2730.0,20428,40072,28646,4059,409090,1120000.0,1.0
WIN,29000.0,212952,202241,173171,47138,7032331,16000000.0,1.0
EM,1510.0,8537,21082,12553,1676,642830,11590000.0,1.0
KGC,4230.0,37666,42395,50577,5650,1774868,3500000.0,1.0
RUNE,14800.0,176764,115632,160266,16788,7214831,2000000.0,0.0
DEEP,554.0,5320,6270,7962,586,142319,3000000.0,1.0
CBIX,742.0,5795,10628,6365,1167,128244,2790000.0,1.0
AKT,21900.0,149248,131836,246632,36925,5995121,800000.0,1.0
AKT,21900.0,317392,312988,163780,30256,7739102,2400000.0,1.0
UOS,20000.0,210703,165975,123707,39245,6279104,5000000.0,1.0
XENO,178.0,2412,2555,1355,355,25881,150000.0,1.0
ZUC,5.0,20,45,45,9,608,4460000.0,0.0
NOIA,14900.0,80271,86848,159721,26525,6858678,6600000.0,1.0
ERD,3280.0,37966,28163,42297,6256,1548810,5150000.0,1.0
WXT,2440.0,20209,32591,19594,4485,429090,7000000.0,1.0
PHT,2220.0,17613,2870,33044,3165,600087,20000000.0,0.0
MBN,730.0,6772,4060,6299,1218,228706,3000000.0,0.0
SERO,921.0,10162,12025,9904,1708,343605,1380000.0,1.0
AMPL,3360.0,14750,37026,30343,5653,1665141,5000000.0,0.0
PDATA,7.0,99,23,95,11,1393,30000000.0,0.0
LNX,63.0,875,461,786,92,16851,13000000.0,1.0
SQR,1600.0,22972,20927,10742,2801,603520,9800000.0,0.0
UNC,603.0,7258,6281,5415,806,167247,7500000.0,0.0
WICC,3370.0,28419,45111,45867,4676,794755,250000.0,1.0
MITC,410.0,3987,4858,3304,434,97169,6030000.0,1.0
RAVEN,1100.0,5993,9805,8180,1428,402439,6100000.0,1.0
MYO,1650.0,12508,5252,15537,2760,324042,2640000.0,0.0
PVT,808.0,9639,10758,9021,1285,370621,9710000.0,1.0
STP,397.0,5534,3915,3353,546,164980,8000000.0,1.0
BQQQ,154.0,2249,1160,2175,228,57630,6500000.0,1.0
ETM,5610.0,39046,67011,59313,6432,1939645,12500000.0,1.0
MIX,1670.0,21955,13892,16378,1760,554228,7200000.0,1.0
COTI,12700.0,148535,142663,96323,12879,6108259,11000000.0,1.0
PROM,1170.0,9089,14357,10552,2100,503000,4850000.0,1.0
CHR,5190.0,33921,66832,69507,6339,1849145,13000000.0,1.0
ONE,88600.0,875002,728265,1090711,91161,40485838,23000000.0,1.0
MGC,799.0,7182,2443,7030,1088,353018,4500000.0,0.0
VDX,209.0,1995,1913,1933,213,29097,5610000.0,0.0
RSR,52200.0,356450,535748,263428,56042,20083913,9960000.0,1.0
VOL,929.0,13566,7107,10104,1711,419596,30000.0,1.0
GMAT,133.0,1774,1561,1234,190,32123,9820000.0,1.0
ALV,1790.0,25829,16884,18876,2786,576695,6840000.0,1.0
TRY,1530.0,19622,9338,18816,2687,578133,5600000.0,1.0
OMI,37900.0,334326,312502,560600,43845,9091073,10650000.0,1.0
LEO,8410.0,60299,71363,96522,14528,2059575,1000000000.0,1.0
EVT,625.0,1161,1668,7906,694,86074,1600000.0,0.0
CNTM,291.0,2749,435,3844,308,122085,4500000.0,0.0
WEB,1530.0,5754,22506,14125,2882,564607,17820000.0,0.0
TT,21900.0,131678,279622,213781,27179,2211795,50500000.0,1.0
EVED,1170.0,5926,11580,5276,1222,465351,2550000.0,0.0
OCEAN,15000.0,150662,194698,55015,19838,5672850,31600000.0,0.0
MBL,3240.0,45241,44460,43109,6458,419640,4080000.0,1.0
BKC,211.0,1403,1535,1719,327,52568,3740000.0,1.0
DUO,970.0,8966,11641,11557,1011,208810,5100000.0,1.0
SKP,880.0,10748,2174,1961,1478,233257,230000.0,0.0
MATIC,104000.0,695849,1280414,1471118,127978,34627708,5600000.0,1.0
ARPA,12100.0,159472,143419,86009,23773,3050154,8000000.0,1.0
DXN,701.0,5249,3737,4634,985,155579,3500000.0,1.0
DREP,7390.0,98530,67458,99641,7779,3514512,22800000.0,1.0
IXB,0.0,0,0,0,0,0,7500000.0,0.0
ATLS,882.0,8193,12847,12605,1190,109441,7600000.0,1.0
LUD,264.0,1800,2161,2854,395,48484,500000.0,1.0
FOR,1970.0,26698,11350,14849,3059,597391,1000000.0,1.0
CNNS,102.0,1508,1474,1307,190,20329,24600000.0,1.0
GT,8550.0,96015,93177,126897,16643,1893315,83000000.0,1.0
AIV,694.0,8189,6107,8136,1070,146668,1600000.0,1.0
UPT,169.0,1404,1603,1247,206,83778,8000000.0,0.0
RFOX,2550.0,35751,19159,15805,4018,711117,5650000.0,1.0
IOEX,83.0,708,530,1242,128,23080,27200000.0,1.0
ACE,22100.0,311718,144242,238422,42820,9412763,160000.0,1.0
FAC,274.0,2439,3434,2251,307,71672,7410000.0,1.0
NEW,2100.0,28455,24638,16582,3925,509983,35270000.0,1.0
EVA,2620.0,28893,22260,23351,3486,925972,6000000.0,1.0
UND,2120.0,18629,14446,16779,2857,599840,400000.0,1.0
OATH,2980.0,24145,16691,40835,4456,1284780,4000000.0,1.0
MTV,3180.0,21806,20830,31778,4909,970951,18600000.0,1.0
MTV,3180.0,9608,10730,5196,4255,941299,35000000.0,0.0
GTS,343.0,3482,4726,4395,468,170422,1500000.0,0.0
LC,4790.0,46912,26475,56089,6704,1037717,500000.0,1.0
VELT,78.0,492,912,744,78,14471,9000000.0,1.0
ARM,981.0,12271,12276,9445,1420,476129,40010000.0,1.0
VBK,733.0,4805,4017,5557,1449,132070,7000000.0,1.0
PTI,1080.0,9446,4051,10863,1516,143974,2310000.0,0.0
TOP,10300.0,67144,68022,129680,14636,1822686,15000000.0,1.0
LIT,5370.0,64165,28855,46479,9645,1082827,4900000.0,1.0
CELR,5490.0,52601,55190,41020,10838,1434815,34000000.0,1.0
XRD,7340.0,88367,46328,91750,14582,2844704,18550000.0,0.0
DOS,1800.0,12049,10127,15131,2718,316592,1680000.0,1.0
FET,22300.0,161182,262209,276212,36186,3948132,21000000.0,1.0
FYS,5.0,44,56,14,10,934,18000000.0,0.0
CTK,8890.0,33001,74234,92912,17307,1825947,15000000.0,0.0
URAC,9.0,62,97,95,10,957,12000000.0,0.0
BTT,15000.0,171236,170804,172476,23423,6018160,7200000.0,1.0
VNT,2810.0,19878,35740,8366,3073,428403,15000000.0,0.0
HARA,156.0,1440,1000,1092,289,49556,5470000.0,1.0
LTO,4540.0,44495,6353,24862,6203,488211,5150000.0,0.0
TEMCO,85.0,266,1272,613,109,30158,19000000.0,0.0
NDX,36300.0,353958,250960,385160,50831,5158683,3130000.0,1.0
CPT,2890.0,42260,28400,23032,4995,1070958,9260000.0,1.0
SKYM,112.0,1352,784,1128,196,28248,20500000.0,1.0
KAT,3080.0,7688,17903,15765,3701,481662,19900000.0,0.0
CURV,945.0,13642,1727,10567,1624,352755,13600000.0,0.0
DUSK,4600.0,15146,40953,39549,7043,1470654,14400000.0,0.0
COVA,630.0,4298,5513,6020,970,113561,14020000.0,0.0
UGAS,276.0,3804,3779,1586,372,36041,20700000.0,1.0
BTMX,1630.0,18243,19193,15780,2006,547216,13670000.0,1.0
MM,8780.0,61779,59102,91249,9405,3866068,29000000.0,0.0
NOS,2560.0,30461,3315,10097,4763,736652,16750000.0,0.0
OCE,3690.0,50247,21000,26840,4627,470771,11250000.0,1.0
EFIC,5.0,47,57,36,6,1114,16000000.0,0.0
ATP,1880.0,23590,15523,22170,3404,557333,30000000.0,1.0
GMB,2390.0,27572,18134,20236,2530,411627,15000000.0,1.0
YUM,1240.0,7442,17109,10066,1524,406444,20000000.0,0.0
AERGO,4840.0,49768,62535,48703,9196,780601,30000000.0,1.0
LAMB,2530.0,11240,26216,35871,5057,1164264,20000000.0,0.0
IRYO,10.0,63,104,32,10,1329,26000000.0,0.0
TUT,353.0,1894,4750,3144,658,174392,40000000.0,0.0
MHC,1460.0,18377,19400,13470,1931,520442,35970000.0,1.0
BOLT,10700.0,152666,119475,121467,12333,3813337,12000000.0,0.0
META,27500.0,328454,151309,388774,47387,11611017,10490000.0,1.0
ANKR,8820.0,99018,86496,117688,11456,3356232,18700000.0,1.0
BGG,569.0,8201,7255,3886,945,152589,3770000.0,1.0
NEX,5280.0,51821,78335,39638,7163,2360456,25000000.0,0.0
DAX,11400.0,18417,65610,48477,21623,2270338,2800000.0,0.0
CRE,3970.0,16765,4463,53185,5696,1903672,13640000.0,0.0
VRA,31300.0,284729,91891,85106,49234,3885588,25000000.0,0.0
COCOS,11400.0,136742,163645,163413,14190,5369423,36700000.0,1.0
LX,982.0,3670,5259,7441,1234,402834,10000000.0,0.0
ICP,15500.0,142774,194035,230424,27135,6422312,195000000.0,1.0
HBAR,29600.0,105059,173467,321287,44298,7794774,120000000.0,0.0
OGO,410.0,3358,3679,4860,616,46340,30000000.0,0.0
FOAM,534.0,1782,6218,2468,721,114175,24000000.0,0.0
DX,2440.0,20893,28528,35182,3814,893963,21500000.0,0.0
ASA,511.0,5258,2261,3901,726,123410,12000000.0,0.0
KAIROS,535.0,5852,4433,4663,653,164305,30000000.0,0.0
FTT,14500.0,81234,214924,80023,16867,6744610,20250000.0,1.0
CODX,3900.0,28398,44918,55511,4329,614921,12000000.0,1.0
EQUAD,535.0,6385,5165,5828,917,169619,20000000.0,0.0
LQD,4230.0,29501,24588,40725,7725,656002,34110000.0,0.0
PDXC,5.0,29,50,26,7,2243,10000000.0,1.0
MDX,15700.0,204082,205802,98806,21564,7004410,18000000.0,1.0
SPRK,717.0,6567,3699,5890,1039,75205,30000000.0,1.0
DACC,320.0,1096,1433,1848,420,39615,14130000.0,0.0
ZXC,233.0,2345,1466,3265,332,87797,9450000.0,1.0
BITX,340.0,2077,3127,3305,422,45339,6720000.0,1.0
MAS,1230.0,4259,14777,7371,2307,417293,9020000.0,0.0
DTX,867.0,4801,7924,12938,1599,179162,12340000.0,0.0
ESS,3440.0,32359,21578,39578,6544,382951,25500000.0,1.0
INCX,8.0,44,105,65,11,3292,5130000.0,1.0
ELY,1520.0,12811,20428,12014,2343,239374,7000000.0,1.0
DAV,386.0,5036,3046,4943,386,90805,38000000.0,0.0
MTV,3040.0,27924,29200,32554,3480,1193715,18600000.0,1.0
MTV,3040.0,42463,24960,30463,3890,1062181,35000000.0,0.0
ABL,350.0,550,4827,1288,425,143780,10430000.0,0.0
OLT,1080.0,16016,16044,8412,1766,241902,15000000.0,1.0
FTM,56700.0,772227,448026,788710,65434,11089946,39400000.0,1.0
SDT,4950.0,67372,70742,73894,5918,2363947,30000000.0,1.0
IMT,3390.0,36619,48121,22271,4837,877066,41500000.0,0.0
ATMI,202.0,2880,1500,2727,228,71434,25000000.0,1.0
AR,20900.0,295937,154878,184194,22274,6423144,8700000.0,1.0
HYB,206.0,596,968,672,266,61532,50000000.0,0.0
CUZ,354.0,5277,2565,5107,607,114494,10390000.0,0.0
QKC,1740.0,9136,16362,8900,2689,276970,20000000.0,1.0
CARD,2750.0,17463,13898,29026,3595,1353535,35000000.0,1.0
BIT,12900.0,43262,39929,166294,23827,1577049,15000000.0,0.0
ECOM,1720.0,22423,15700,17393,2985,700572,25000000.0,0.0
RMESH,9.0,76,83,85,15,3158,30000000.0,1.0
BBO,1440.0,19389,14756,19788,2031,449148,6790000.0,1.0
DCC,820.0,7772,9440,7210,912,352861,49000000.0,1.0
PI,12800.0,178726,188656,135696,19822,5344304,26670000.0,1.0
SOUL,21300.0,128899,125128,304397,41719,10472366,9650000.0,1.0
ISR,978.0,10291,5365,8852,1591,321431,20000000.0,1.0
CAR,6030.0,34202,90045,67345,7411,2433065,22920000.0,1.0
UPP,740.0,6760,10821,3989,814,214646,27680000.0,1.0
LEMO,472.0,3643,6017,4574,750,160042,7060000.0,0.0
EGT,4330.0,61806,45393,27812,5395,1993887,23650000.0,1.0
EDN,1850.0,10028,18104,11541,3024,898775,24000000.0,1.0
MVL,995.0,14044,14834,8000,1085,218176,8400000.0,0.0
BWX,556.0,5814,7391,5318,766,212243,22700000.0,1.0
RTE,3800.0,27782,55014,31474,6126,433714,17500000.0,1.0
XYO,12100.0,105152,157275,34990,13891,1936684,48000000.0,0.0
TTC,72300.0,1018257,893370,846323,87729,8687559,21200000.0,0.0
HER,7920.0,31707,15760,63151,13233,1937021,21770000.0,0.0
ABYSS,1200.0,3651,13669,9935,2397,414035,18000000.0,0.0
QNT,28500.0,356876,51058,409239,46224,4112360,36900000.0,0.0
BZNT,338.0,962,1654,1261,362,103036,40000000.0,0.0
HYCON,6.0,82,63,82,10,1301,22930000.0,1.0
ELI,866.0,12281,11712,9703,1076,129212,24000000.0,0.0
GEN,2460.0,22917,16620,15965,3526,1080900,30000000.0,1.0
HOLD,1570.0,12943,10503,14584,2871,215446,11300000.0,1.0
GRAIN,8600.0,54064,98043,53121,12390,1608493,14800000.0,0.0
SKM,821.0,10111,7236,7009,933,234946,16470000.0,1.0
LBA,778.0,6484,8160,5850,1539,378485,26400000.0,1.0
MVP,3920.0,27800,24949,43658,7557,1743452,28690000.0,0.0
OMIX,6.0,36,35,77,9,2562,35000000.0,1.0
GO,5410.0,52358,19151,68851,5662,1601172,13690000.0,0.0
UBT,11000.0,156138,124237,147152,17536,5044725,13540000.0,1.0
CAN,5750.0,30422,60095,29993,7993,2398655,20000000.0,1.0
BCT,3270.0,20084,3278,12990,3984,553454,51500000.0,0.0
XMOO,3.0,27,3,30,5,570,15000000.0,0.0
HOT,11500.0,144173,22906,160353,13548,5059837,20390000.0,0.0
MORPH,2370.0,21494,20990,8259,2753,1114012,18000000.0,0.0
DML,780.0,10396,6497,6760,1293,90983,17900000.0,0.0
NBAI,122.0,341,1329,836,202,25667,17700000.0,0.0
NKN,2340.0,29738,26975,11912,4228,617955,12600000.0,1.0
LND,1080.0,12129,14791,13871,1225,489493,10000000.0,1.0
AUC,1330.0,4310,5710,3752,1859,436588,3870000.0,0.0
OPEN,3340.0,19520,44886,23687,6150,644866,18000000.0,1.0
EMB,3040.0,38887,21494,19193,4697,1472670,7000000.0,1.0
COIN,19400.0,278442,241653,275295,23592,2612907,30000000.0,0.0
PLAT,1920.0,19008,7076,20126,3803,384532,16670000.0,0.0
THRT,57.0,315,461,719,103,20527,30630000.0,0.0
CHX,1870.0,26556,4266,3859,2243,233376,5530000.0,0.0
SEELE,622.0,8669,3641,8797,678,217944,12130000.0,1.0
NEXO,20700.0,130686,230672,284273,38718,3669604,52500000.0,1.0
FACE,5340.0,29533,69859,46263,8879,875520,40800000.0,0.0
NRV,1780.0,10471,2916,1879,3082,317128,22840000.0,0.0
EFX,4790.0,62571,41112,50112,5676,1511253,18350000.0,0.0
CAPP,2020.0,20365,13188,24528,3751,631984,20000000.0,0.0
CEL,27900.0,374260,177336,233665,51088,13355049,50000000.0,1.0
NCT,5290.0,11405,56665,74263,7475,598681,50000000.0,0.0
VIEW,774.0,4042,7670,8422,1128,359676,12000000.0,1.0
FDZ,580.0,4219,6136,7986,1009,126497,50250000.0,0.0
SPN,1880.0,14956,2247,5145,3644,190673,30000000.0,0.0
VLD,1040.0,15061,10436,6665,1544,471881,25000000.0,0.0
SWTH,4960.0,49593,33005,50010,5045,2417994,8700000.0,1.0
SMT,9940.0,28729,10666,98318,11995,2703907,9680000.0,0.0
DRG,1090.0,6803,12554,14472,2033,320283,407500000.0,0.0
MFG,1560.0,3323,23029,12351,1934,545720,19660000.0,0.0
EDR,2520.0,28160,28659,28820,3775,806748,45000000.0,1.0
YEED,346.0,3138,4642,1997,407,157001,40000000.0,1.0
SENC,210.0,1102,2731,2203,396,102587,14400000.0,1.0
DATX,622.0,5247,8233,3220,1144,231867,44150000.0,0.0
ZCO,682.0,7829,5904,3819,814,262137,8560000.0,1.0
IPSX,96.0,813,1165,1262,144,12389,9330000.0,0.0
PAL,1880.0,17544,18015,16520,2666,909360,20170000.0,1.0
CTXC,9120.0,128255,128789,92719,14227,3872522,34870000.0,1.0
TOMO,6060.0,48401,68339,74246,11127,1393892,8500000.0,1.0
MAD,4870.0,66902,52395,24451,7001,1586361,25000000.0,1.0
BERRY,17700.0,248127,121476,27234,23488,7241039,30000000.0,0.0
BNK,1050.0,2481,12597,8978,1484,395769,215860000.0,0.0
CGCOIN,3.0,24,23,26,5,879,5000000.0,1.0
IGNT,164.0,498,1234,644,328,23366,8690000.0,0.0
FTX,12200.0,116394,95108,93256,22001,3664299,25000000.0,0.0
ADH,347.0,5142,4473,4848,474,154107,17490000.0,1.0
NPX,264.0,2777,1525,2485,441,105743,18320000.0,0.0
LYM,3770.0,23049,25705,48308,3948,1584125,12680000.0,1.0
HT,37900.0,503790,496508,272903,58293,13883168,300000000.0,1.0
DEB,499.0,6335,7350,2803,846,131731,17200000.0,1.0
ELEC,501.0,4395,3402,4934,669,221911,30000000.0,0.0
TFD,1660.0,15087,5535,8704,3096,519339,19090000.0,0.0
BAX,9360.0,125462,51258,96542,17229,1333729,20000000.0,1.0
DOCK,7320.0,60976,78165,66806,13351,3064664,20000000.0,1.0
LST,980.0,10864,12224,11945,1753,121172,47500000.0,1.0
CLN,1920.0,24169,16182,5136,2301,282535,50000000.0,0.0
CS,33300.0,271587,445162,316064,45787,10466107,20000000.0,1.0
ZCN,2600.0,22897,25784,29964,4803,1294841,39000000.0,1.0
REM,1320.0,7653,14547,19429,2068,156207,17540000.0,1.0
LIF,433.0,3828,3679,2428,721,64315,10000000.0,1.0
FND,2840.0,23527,17622,15137,3096,785254,15000000.0,0.0
EBC,279.0,2664,3157,2216,284,69366,25300000.0,0.0
EXC,1980.0,22497,25094,27467,3942,814143,20000000.0,1.0
GBX,1600.0,20590,12557,12944,1969,642117,12270000.0,1.0
FSN,3.0,31,22,38,6,860,42190000.0,0.0
CPY,659.0,4081,3490,5281,1198,321504,62930000.0,0.0
DTH,403.0,3557,6003,3399,613,108187,13440000.0,1.0
INSTAR,1780.0,12536,23348,16557,3053,333874,17380000.0,0.0
RKT,2690.0,34528,14817,21639,3312,1049135,27000000.0,1.0
RFR,5130.0,70455,64569,53421,6114,1361576,32250000.0,1.0
CRNC,1600.0,11864,11946,14609,2169,704647,36000000.0,1.0
DXT,611.0,7218,2713,7485,617,229037,40000000.0,0.0
ABT,9660.0,99774,85779,124536,18298,4487920,45000000.0,1.0
REN,6790.0,34502,68927,14182,9185,1657712,34400000.0,0.0
BEE,2490.0,23648,29472,13967,4501,496011,15000000.0,1.0
FXT,411.0,4680,3902,3832,441,116619,36240000.0,1.0
WPR,1750.0,17689,22947,18602,2138,636548,40000000.0,1.0
MTN,2030.0,3661,15691,9448,3961,988211,24000000.0,0.0
WIZ,14500.0,84616,114539,163182,22913,2580413,20000000.0,0.0
AMLT,201.0,2246,2875,1868,391,58541,16000000.0,1.0
STQ,399.0,2704,3003,2195,488,173033,25000000.0,1.0
CPX,1720.0,18276,23355,24505,2521,599852,25000000.0,1.0
DADI,700.0,4776,7443,5029,1131,108951,29000000.0,1.0
SHP,467.0,5749,6706,6675,513,138522,7420000.0,1.0
EDU,3610.0,39601,42637,53180,5650,375772,10000000.0,1.0
NCASH,4300.0,33742,26976,29957,7017,659609,40000000.0,1.0
EXY,6000.0,72179,70335,74164,7681,2680870,9470000.0,0.0
CPC,2800.0,30916,19692,34333,2970,1314696,30000000.0,1.0
MWAT,1370.0,16194,7668,6965,2215,184729,30000000.0,1.0
OCN,8240.0,119463,91669,55634,13523,3789996,11580000.0,1.0
ELA,10200.0,131506,134419,62358,10496,4133990,94070000.0,1.0
XNK,4900.0,54192,66571,27080,5567,1955485,15000000.0,1.0
NPXS,11400.0,125020,62210,106639,19280,3327274,35000000.0,1.0
FOTA,20300.0,272089,252647,258446,31650,7749820,2000000.0,1.0
DTA,5760.0,17757,33223,13358,7208,1409320,37990000.0,0.0
BLZ,12400.0,90523,127596,78431,16071,1398786,19500000.0,1.0
EVE,828.0,8862,6206,11113,1301,375382,10000000.0,1.0
MOBI,1130.0,12169,6931,6030,1492,557177,39000000.0,1.0
ZPT,854.0,6529,6798,6519,900,269514,62580000.0,1.0
TRAC,14700.0,122597,173756,88415,18270,4617493,21510000.0,1.0
MAN,4390.0,30265,29997,53523,4401,1249058,12590000.0,1.0
EVN,1560.0,8911,20852,14645,3041,217773,150000000.0,0.0
IPL,585.0,5818,6654,7456,986,216324,18000000.0,1.0
AID,2020.0,28795,30059,23104,2971,600253,18630000.0,1.0
BOON,274.0,1734,447,2345,285,96445,10000000.0,0.0
CV,1190.0,9746,9005,8959,1237,395256,19910000.0,1.0
TKY,1680.0,20470,11707,20872,3324,747987,22000000.0,1.0
TNC,1480.0,7924,21323,12324,2946,739409,20000000.0,1.0
GAT,1980.0,21620,15547,10104,2656,260116,14500000.0,1.0
KEY,18400.0,223163,172683,117421,36568,3236683,21780000.0,0.0
ADB,829.0,11069,7279,5995,1099,271908,13960000.0,1.0
MOT,3390.0,25511,36871,19574,4101,611437,60320000.0,1.0
LALA,1960.0,21381,19786,28246,3468,531524,20190000.0,1.0
LATX,175.0,2446,923,740,295,30111,15000000.0,0.0
FKX,2990.0,42539,39828,28078,5879,712084,15000000.0,1.0
AXP,2730.0,32226,18982,16394,3425,1091557,20000000.0,1.0
LOOM,6010.0,67384,47895,21363,10523,1663051,57000000.0,0.0
CHSB,12400.0,112904,157131,127513,15044,1450919,50000000.0,1.0
ARY,343.0,4197,4710,2659,537,120299,14380000.0,0.0
NTK,580.0,5775,2453,3893,936,185424,71670000.0,0.0
SHIP,1500.0,20058,16716,9212,1593,186584,30000000.0,1.0
CRPT,2930.0,29819,29047,29371,3079,1166060,47000000.0,1.0
THETA,9740.0,81395,110844,53096,19182,4398032,20000000.0,1.0
ZIL,24100.0,180789,151320,322418,28467,11919079,22000000.0,1.0
TIO,468.0,4636,5668,2855,623,119339,135000000.0,0.0
ZIPT,175.0,1486,917,2222,286,36680,19220000.0,1.0
TAU,5520.0,43552,56893,41756,10619,1307225,10000000.0,1.0
IOST,11700.0,102471,50745,141182,22009,1829200,31260000.0,0.0
BLT,1400.0,11081,8083,16203,2523,416617,1500000.0,1.0
BLT,1400.0,14941,10019,2869,2434,377708,80490000.0,0.0
SIG,2810.0,24462,26477,23218,3112,574442,10620000.0,0.0
ABI,1760.0,26128,15144,9983,1859,584610,3080000.0,0.0
RDR,3880.0,57309,40698,28596,5640,609214,2550000.0,1.0
GWT,2970.0,29776,40846,43417,5619,525364,4000000.0,1.0
DIO,5160.0,45335,74535,75333,8452,2099396,600000.0,1.0
CLA,2350.0,16150,35121,24879,3806,684280,2260000.0,1.0
MEAN,2380.0,35172,22784,15039,3201,458735,3750000.0,1.0
ANGEL,5590.0,70224,55388,29603,7025,2770911,300000.0,1.0
MGG,1600.0,11171,14110,20436,2212,498774,2850000.0,0.0
PSTAKE,4540.0,39235,61188,62851,6411,984110,20000000.0,1.0
IZI,3920.0,27446,21876,48876,5252,395211,3950000.0,1.0
UPO,6540.0,37489,65369,42309,10915,1937071,160000.0,1.0
UNQ,2610.0,18105,16199,34390,4194,874405,3400000.0,1.0
ECIO,4330.0,46271,19233,20130,7669,1669947,1620000.0,0.0
MESA,2970.0,29636,16999,21446,4798,1232306,2300000.0,1.0
ZWZ,6430.0,41746,61536,59424,7779,2306705,170000.0,1.0
FORWARD,1470.0,14472,11199,20323,1995,333632,1450000.0,1.0
SIW,2300.0,29694,12045,23813,3250,339787,1900000.0,1.0
QUAD,5850.0,83778,33402,59463,10472,930474,5500000.0,1.0
FIGHT,5680.0,36080,24927,24339,10913,1217533,3380000.0,0.0
LBL,2720.0,34726,14957,27556,4748,643572,3150000.0,1.0
CRF,981.0,8323,5984,11907,1127,259475,80000.0,1.0
CHMB,1970.0,15212,28233,12500,2915,966466,400000.0,1.0
GEO,10400.0,107613,82400,82530,20482,5100846,2900000.0,1.0
SAFLE,1670.0,22186,24276,24113,2019,524186,5550000.0,1.0
WAM,2910.0,26768,39640,24245,3253,1307639,2740000.0,1.0
MGOD,5410.0,64012,38375,43465,6009,1424695,4240000.0,1.0
PSB,7610.0,95607,50030,106110,13538,2729616,1590000.0,1.0
PEL,1610.0,15468,11302,10021,2642,173355,2420000.0,1.0
CTZN,6140.0,67048,91182,87483,6336,1387909,4400000.0,1.0
NITRO,5820.0,60965,65647,45881,7577,2740961,5750000.0,1.0
UNB,6590.0,67691,54105,69571,8931,3104668,9000000.0,1.0
VOXEL,2320.0,33679,22440,32132,2364,555640,6000000.0,1.0
DEHR,1740.0,20705,17973,26071,1995,421616,1500000.0,1.0
TSP,1410.0,12144,14774,9693,2529,297873,300000.0,1.0
FNC,3690.0,8786,49659,51520,5019,423533,330000.0,0.0
CVZ,3020.0,30036,17996,19635,3513,799906,330000.0,0.0
SILO,1790.0,17444,23975,10037,2230,457731,10000000.0,1.0
DEVT,1110.0,9178,15137,6188,1355,410108,61470000.0,1.0
RACEFI,3000.0,20079,32792,35781,4497,1097213,3350000.0,1.0
GCOIN,5430.0,72204,80607,42161,5853,2648540,2000000.0,1.0
LMR,951.0,10045,1865,2149,1700,229448,60000000.0,0.0
HPL,9330.0,113208,46790,62625,12196,4266203,3270000.0,1.0
BLOCK,8650.0,101029,75694,64627,13554,3620318,3520000.0,1.0
UMEE,4300.0,22444,48748,40712,6642,1437497,38300000.0,1.0
SCT,1630.0,18446,20661,7157,2492,756833,2120000.0,0.0
MELD,1920.0,10691,21955,24559,3432,279492,350000.0,1.0
RIFI,3900.0,40939,38590,46061,4724,1194332,6200000.0,1.0
MSU,8300.0,70279,47886,85709,13865,3263064,2340000.0,1.0
SPRT,6740.0,62036,62607,90784,12508,2916649,320000.0,1.0
CLY,2650.0,37610,30407,33702,5089,947101,21000000.0,1.0
HEART,6730.0,85134,71198,94119,11411,1347010,10170000.0,1.0
SON,6670.0,11077,16470,72017,11819,1950678,3340000.0,0.0
QUIDD,3820.0,44739,47041,23353,4851,1304647,4500000.0,1.0
SRG,5850.0,40472,49237,42578,6981,2558523,1560000.0,1.0
BTL,2910.0,33232,29200,33156,3603,1045070,3150000.0,1.0
ARC,14400.0,39533,24331,161508,18158,2813686,2800000.0,0.0
SIS,3400.0,25684,39824,19537,4313,1183477,10080000.0,1.0
WIDI,1700.0,9366,16494,11935,2437,701857,100000.0,1.0
DEPO,2680.0,36520,2850,30114,5255,1105899,1010000.0,0.0
