token_name,total_positive_direct_mentions,total_negative_direct_mentions,total_positive_indirect_mentions,total_negative_indirect_mentions,total_direct_mentions,total_indirect_mentions,total_likes,total_retweets,total_project_followers,,total_indirect_followers,soft_cap,ico_success
KXA,3053,1936,40100,28684,7110,96365,105902,87461,7783,,2121009,100000,1
MGA,2905,917,24796,25392,6180,76631,59678,81927,6735,,2398075,2850000,1
BICO,933,596,6544,6221,2510,19312,32762,35707,4370,,446223,21100000,1
NEXT,1494,1902,3711,2196,6990,11243,73785,102653,7730,,3425537,3040000,0
UMAD,273,189,2426,2077,757,10526,6805,8301,941,,268607,7540000,1
WIS,3319,1803,13377,31842,7870,94382,107205,43104,14449,,1060214,400000,1
ZODI,178,304,1733,866,887,7483,9695,5863,1398,,408527,3700000,1
XTAG,3510,2489,39578,29198,8460,84528,94343,120828,11197,,1387410,2900000,1
ILA,1848,930,11342,10332,3920,35434,44938,50100,6049,,649029,2200000,1
NODL,637,541,7196,6401,2100,19281,30061,27473,3462,,963086,25870000,1
PEOPLE,6327,2629,23383,24182,22100,114646,166386,148043,30286,,10551189,20000000,0
ORARE,840,812,6217,4642,3150,28899,35203,26491,4448,,1484655,2260000,1
TRVL,797,315,2655,5316,1830,23091,9374,24305,2727,,279072,7500000,1
RIDE,4154,6838,53561,25458,19900,245389,140538,143217,21355,,3805494,6000000,1
NTX,949,1229,13324,8523,3740,33324,22956,54781,4505,,863243,2000000,1
MONO,5320,3187,37851,54353,12400,178655,129007,142096,15665,,3225085,5400000,1
MONO,2998,5854,6706,13836,12400,64434,159754,95817,24061,,5727975,190000,0
BLH,72,136,1332,926,301,3935,1506,4385,465,,127994,910000,0
WX,246,408,6569,3690,1830,14520,20911,20994,2854,,763264,50000000,1
MS,2683,2373,21169,37760,17900,152731,235667,139750,26678,,4904739,2000000,1
ZKP,1057,935,5462,3848,2880,23899,25212,15328,3704,,1180596,40000000,1
GOV,462,1809,10097,5964,4460,58725,60255,52106,6927,,838843,2270000,0
GOV,1566,1664,4068,7198,4460,37431,31141,25207,8182,,1135895,15000000,1
CHICKS,2129,6106,99637,66418,18400,242715,209322,162297,30946,,5692976,140000,1
CRAFT,524,440,18609,7623,3070,44809,31697,16978,6075,,922198,2580000,1
KAKA,4234,3719,36759,49592,12400,124496,106609,157222,16641,,5842176,2350000,1
ANTEX,2820,3154,17915,8754,8410,46102,69505,84233,14253,,2481658,5510000,1
LORDA,1304,602,8951,8331,2980,44111,16394,41615,5958,,1353001,1700000,1
APR,453,358,2065,2765,1230,12483,8469,6156,1521,,418150,12800000,1
NGL,1483,847,15738,13276,4330,42943,55873,27791,5525,,1866884,1490000,1
TITA,3609,1762,36712,59343,13700,189066,33553,200364,15076,,3059609,2270000,0
TRD,917,854,4281,3858,2960,16645,38283,34428,4757,,558665,100000,1
AURORA,732,716,6678,7095,2960,31308,40882,22963,4123,,853532,13000000,1
LIBRE,1203,787,3984,5965,3630,29314,49530,28118,6151,,1702602,870000,1
POG,1345,1983,32811,13788,9680,76929,104846,75576,15025,,1127763,1800000,1
GENE,2636,3577,35809,44450,14000,123181,100047,121213,19372,,4631266,8660000,1
GOG,4110,1924,27976,17279,11400,63100,162618,63158,17430,,2647770,5500000,1
PLN,456,552,3378,1149,1880,9659,18039,22247,2728,,776692,8000000,1
MYRA,519,441,5493,9049,2170,28886,29551,30057,4069,,432625,250000,1
PORTO,1163,1430,8109,9655,3880,58148,57898,39113,5637,,1476292,4000000,1
SOURCE,355,88,1370,2742,727,8467,4957,7371,1246,,75533,5360000,1
UXP,97,122,852,780,469,2548,3206,4826,623,,51838,60090000,0
PLACE,5077,3547,45466,35679,13200,179832,181472,71886,20181,,2134449,1940000,1
NUM,946,1419,53390,39576,9410,126709,60295,129950,17803,,4126367,7200000,1
CWAR,2965,3103,29480,26391,10500,99264,133321,145744,12038,,1515813,3680000,1
XPRESS,356,233,1481,1822,827,5153,7880,7727,1566,,210910,2250000,1
OLY,3753,1537,47388,16369,10400,120743,104605,86069,19239,,2506530,140000,1
KART,734,242,2122,5198,1770,19675,21699,19567,1962,,389504,1810000,1
VEE,872,754,842,1041,2600,3035,24136,21468,2891,,879039,8800000,0
CREDI,337,686,7217,2547,2420,20916,7649,12069,3168,,783016,2200000,0
TNODE,289,305,5037,2767,957,13390,12592,14095,1139,,350471,95000,1
CERE,1937,2063,22229,18110,5680,56942,42856,47181,9574,,1893207,37700000,1
BEM,444,268,2756,3352,2430,9718,9862,14724,3916,,1070125,2000000,0
SHILL,8570,3497,130406,46168,22100,305350,328261,214691,38049,,10938901,300000,1
ELMON,528,486,4430,4545,2140,20276,4930,29164,2787,,558479,2290000,0
GOV,1298,649,8280,23003,4040,57398,48969,33183,7213,,1718792,2270000,0
GOV,1893,1341,6968,9283,4040,25415,30437,28291,8031,,1083726,15000000,1
HWL,697,335,2725,1800,1600,10217,10820,11510,2346,,215791,1700000,1
SPAT,2714,1436,26658,10695,6610,54508,83656,81789,9008,,1241994,130000,1
YIN,706,523,14585,4341,2890,36051,16418,25764,3261,,731554,4500000,1
DANA,968,380,9958,5357,2620,38987,22516,15533,4625,,297628,11000000,1
GGG,939,974,12378,12901,6050,32778,34988,69203,11842,,1131657,2090000,1
CBX,692,498,3713,2011,2650,13495,36950,26109,3272,,977957,300000,1
ARDN,611,612,1429,616,1580,3630,6851,14651,2131,,313831,130000,0
THOR,1128,1758,3327,5760,4700,14822,63223,42271,7584,,1779875,4500000,0
ENV,381,214,1516,4351,989,14632,6801,10668,1743,,366671,2750000,1
GOFX,362,432,3427,3773,1410,11115,13089,10772,1838,,580271,4850000,1
MONO,1625,3835,22340,19669,12700,120302,144589,91106,24968,,5412114,5400000,1
MONO,4965,3188,4396,3768,12700,21758,136040,135546,22724,,5099949,190000,0
GAN,969,1020,913,339,2460,2490,22782,13754,3414,,390201,670000,0
ACK,1195,968,15735,6386,2450,32747,15763,19787,3078,,891614,1800000,1
SCLP,2501,1510,3347,1148,6850,11298,100308,70442,7538,,2127502,2480000,0
DTO,1895,660,8032,16083,4920,49632,36407,49830,5006,,1631879,3400000,1
ERP,10,16,219,158,76,1046,750,388,112,,13067,500000,1
SWASH,3573,4219,16126,31093,13300,79972,135678,112510,18140,,3101719,12000000,1
SIP,858,2264,6395,12728,5590,53994,51288,74503,9358,,2242336,230000,0
DKT,441,566,7435,9391,2030,29695,2790,17622,3995,,322701,730000,0
CPOOL,1276,415,6804,4679,2660,19269,31500,39660,3331,,1244169,3100000,1
DOSE,840,1017,16276,11893,3530,41640,26398,37217,6694,,914504,990000,1
CHIM,390,376,3219,3555,1290,11772,18325,12310,2512,,174368,200000,1
OH,369,186,3326,2222,1440,14107,15630,20947,2844,,429463,1920000,1
AURY,1699,896,11011,13157,6360,82924,36559,19289,9520,,1548419,108850000,0
BLXM,294,314,6765,3516,2580,21117,37432,27103,3590,,506010,200000,1
NIFTSY,153,108,506,608,344,3552,2779,2313,498,,87109,2500000,1
WND,736,1736,15601,33787,5760,71731,52677,17045,7606,,1514502,1850000,0
WTF,277,474,1552,2265,1120,8415,6889,10923,1173,,270909,180000,0
LAZIO,1471,606,17495,7560,4380,40320,47081,35930,4834,,1680514,4000000,1
HERA,1320,648,14661,7868,3590,44387,51887,36253,5287,,493795,300000,1
GODS,2525,3264,13452,15132,9190,70947,115020,97349,9785,,3655669,25320000,1
BCMC,1989,1230,27923,18992,8040,89413,107707,84610,12139,,1480777,3980000,1
DMLG,107,65,178,129,529,604,2921,5873,650,,244724,2130000,0
DFL,1902,1024,14587,17445,6600,55134,56918,75786,9348,,1452328,4200000,1
DNFT,4381,2336,25558,11037,8780,61866,68575,91519,17164,,1039377,2400000,1
TAP,258,648,2285,1280,1720,5891,17838,2893,2905,,343879,130000,0
DFI,1824,1643,15322,10728,5200,43672,68160,62190,10085,,2034243,1650000,1
STRP,300,257,2907,3554,993,11753,9339,10180,1123,,397289,9000000,1
DVD,1,1,7,7,2,24,21,20,2,,899,3650000,1
JET,298,161,2275,2928,1170,9085,5854,9936,1683,,434582,11760000,1
ORE,661,237,6123,2804,1490,19491,15039,14583,2113,,672895,450000,1
TTK,777,639,6223,3927,3080,21169,29849,24695,4765,,404118,3200000,1
FINA,1934,1176,24293,13590,4340,62424,32012,35245,5166,,1026492,600000,1
KST,2348,4177,25665,22419,11000,161749,87248,86850,11170,,1223394,2530000,1
PSI,862,1620,8665,9984,5150,63054,35332,30867,7608,,2310590,3000000,1
RENA,3845,5861,21338,35004,15000,138390,178878,80267,26270,,2796718,2090000,1
DWEB,106,103,981,1963,682,4951,7197,9726,689,,137269,2650000,1
WAG,10279,3455,84098,115656,25700,347880,323687,314532,46244,,6372049,3250000,1
AZERO,2994,3284,97209,52331,14000,195544,121878,168014,14617,,6255127,14800000,1
BETA,2339,2155,27355,22853,9930,99347,120398,90604,13444,,2936215,3000000,1
SOLR,1609,3304,59943,18325,10600,122457,142122,106612,12581,,1687036,1800000,1
DARK,640,629,4562,2510,1590,17844,23218,9261,3123,,644018,3500000,1
BLOK,2209,2537,45511,26043,9470,116812,126510,110634,15589,,3166902,4900000,1
PLGR,2333,1937,5642,5346,5030,30425,42786,48377,7763,,1370539,27420000,1
HE,1464,3089,19116,10008,10400,63283,139405,95454,15674,,2183874,1660000,1
FUFU,137,198,6596,5429,1350,13638,9995,15199,1698,,254991,3600000,1
NFTA,114,201,535,1113,527,3429,7702,7259,619,,78726,1780000,1
LIME,2311,3404,16923,16597,14100,119993,79328,102486,28114,,4117472,2140000,0
GRO,227,655,7435,3222,2210,17765,32773,22450,3962,,756930,24800000,1
BLT,1561,2413,20597,25998,7220,105247,86009,51796,12567,,2290347,1500000,1
BLT,2177,2695,16950,21792,7220,51918,11431,37839,13031,,1295038,80490000,0
MCASH,134,122,2863,2004,788,6930,6834,7304,1253,,181310,50000,1
AMAS,960,614,8343,3967,2230,22126,28718,16175,3912,,498932,300000,1
PKEX,269,349,2700,3199,873,8534,8625,12500,955,,172189,2850000,1
RPG,4362,3174,31682,27526,9540,101829,129397,142939,14261,,2452637,3620000,1
RPG,1117,1726,12559,12159,9540,120920,83904,87061,16588,,4479667,2320000,1
SCH,825,751,4572,6241,2300,33692,22210,13968,2949,,787048,1620000,1
BRKL,641,923,18342,30349,5650,80368,65346,48101,8385,,959308,2250000,1
DIVER,430,456,5734,2528,1860,14942,15903,23985,3206,,573022,6600000,1
ORION,1067,653,10695,10889,2330,32146,27239,26988,4380,,512282,5700000,1
KLO,871,611,3514,3790,3220,8828,34554,4185,5346,,455571,3380000,0
VERA,478,871,3900,2458,2400,16698,15074,26791,3567,,635370,3500000,1
NFTD,896,578,6199,6692,2410,29757,14597,18380,2809,,321705,3700000,1
SRP,583,376,2318,1912,2010,11555,13963,12266,2444,,728844,1950000,1
WELD,127,134,1328,1196,414,3575,4763,5817,754,,174453,3720000,1
GRBE,1603,995,4180,2316,4800,12041,19169,44626,9499,,1685083,1160000,0
FOREX,661,233,7141,2112,1850,14324,22272,11815,3688,,396695,4410000,1
MDF,1848,1529,28973,43411,8790,131212,126604,80431,11800,,2974514,40000,1
AMY,621,523,3912,5812,2020,26642,17245,18620,2521,,337769,310000,1
DES,5137,2319,52632,27089,10800,113412,63331,89320,11256,,2594890,5000000,1
BNPL,344,82,1348,1237,792,5911,9780,10065,841,,277026,7140000,1
ILO,178,73,1071,1795,663,5003,4416,3605,1270,,244203,3620000,1
RPG,3092,2781,15228,33281,9510,121439,110125,110434,10274,,2412428,3620000,1
RPG,1811,1551,14445,27955,9510,88120,50006,103592,15520,,1190907,2320000,1
OPUL,13034,11047,169222,84829,37200,388316,227709,259072,41546,,11212835,6450000,1
BTRST,7387,7502,50243,45438,21500,259906,218505,150078,32238,,2815928,12450000,1
GEL,1104,548,13876,6955,2780,33746,30448,26156,4063,,1123054,16000000,1
TREEB,1226,1148,8694,5419,4760,32253,27046,48620,8149,,1336360,2750000,1
IMX,6112,5066,38975,98169,19900,293270,283356,162794,38489,,3667493,13000000,1
XTM,1613,1626,13521,8115,5110,30550,63375,44305,5400,,1086403,600000,1
CDX,129,353,3172,1357,1070,7783,15509,9445,1357,,339791,12000000,1
VENT,492,261,3148,2433,1190,7306,13962,9395,1270,,378738,1400000,1
GAFI,4043,3813,79782,60987,12300,175211,72345,180313,21017,,2026118,2250000,1
CYS,5763,1908,88965,43509,12500,185634,93738,170891,16104,,2558371,1250000,1
IXS,680,890,7293,5912,2640,20645,21365,37455,3695,,881692,700000,1
YCT,563,195,3358,1442,1230,6738,14647,7283,2034,,418819,3120000,1
FLURRY,664,599,3536,3648,1980,21626,15275,17307,3041,,886823,300000,1
MNY,3478,2550,40946,18128,6980,92099,78364,85486,12498,,1772442,800000,1
LIKE,2865,2461,25566,19774,6480,68482,52886,74031,9585,,3019279,44400,1
ACA,3491,2932,24975,33314,11800,167933,167412,100996,13758,,3486194,92500000,1
KNIT,2,2,24,22,10,128,50,60,16,,1871,1470000,0
CPD,293,271,2893,1957,711,10259,8129,4583,1382,,137142,2120000,1
POLI,964,904,3427,5787,2350,17996,22579,24287,4522,,803527,1800000,1
OSWAP,0,0,4,2,1,11,15,10,2,,216,1850000,1
KMA,1867,1219,10132,8291,5610,58088,63370,64458,5662,,1923955,6600000,0
KABY,1618,557,10950,14890,4290,50328,35614,9285,6324,,1830936,1610000,0
NTVRK,2139,1198,10135,7076,5050,45193,43903,37146,9186,,1077969,2500000,1
PNDR,256,124,1192,3282,727,9203,8051,5804,884,,141724,2550000,1
YAY,957,744,1885,922,2980,5556,4873,16274,5245,,638388,1900000,0
EPIK,1620,1778,2557,2492,4220,11474,42254,54744,4902,,1980682,4470000,0
TAUR,79,113,1634,1232,464,5862,2984,2457,473,,180606,100000,1
WANA,1380,1781,24716,19233,6180,76704,14622,73445,7982,,2607594,1060000,0
TECH,1880,1600,12771,11246,4940,29122,63275,64064,5574,,1368457,2750000,1
BACON,735,880,11665,7077,3150,26414,45446,22842,5263,,654358,920000,1
UGT,64,93,2405,2417,519,6103,3683,6302,574,,192403,3000000,1
DNXC,718,1092,3828,17830,3050,36249,28480,41590,4313,,718486,1480000,0
KMON,2054,2007,41554,23024,11400,87049,90350,90066,18981,,4094613,33000,1
EGL,81,109,695,767,543,3681,3613,7633,791,,113005,17920000,1
PORT,4446,3201,57410,20019,11100,117332,115934,66215,21058,,3328077,1160000,1
BRIGHT,213,336,4805,5592,1120,16328,7958,10929,1238,,449295,250000,1
EQX,665,1976,14042,16572,4170,62325,51514,15628,7793,,1563141,290000,0
LITH,1823,1262,6609,8208,5510,33970,69019,81081,7343,,1072106,8100000,1
GAME,3238,2109,19778,23432,12700,69965,127380,186615,19717,,4168187,2340000,1
SPO,1133,852,3352,2699,2370,13103,24115,11894,4133,,945840,2960000,1
YGG,4723,3622,46554,32108,14200,127500,206529,91191,20097,,4183253,17320000,0
POLO,342,294,8406,7274,2430,20565,29331,24662,4735,,695100,450000,1
BURP,850,897,13817,6268,3070,31106,43154,25461,4897,,790297,250000,1
BNC,1001,635,12732,8652,5850,54693,46067,63933,10894,,1351221,600000,1
RWD,58,55,152,210,154,440,1741,1210,253,,39110,750000,0
SCA,546,233,2418,4856,2010,10452,10274,25881,2271,,495191,2680000,0
CPHR,442,327,4644,1409,1520,10531,12266,11825,1650,,747757,2170000,1
CART,452,489,5632,1525,1300,13128,11344,7653,2216,,545525,3520000,1
OMNI,272,323,2922,2412,1320,10679,7671,8079,1547,,398156,200000,1
YOLO,325,217,8662,13404,1960,28490,12454,27149,3460,,408727,10000000,0
DFC,2538,4137,24931,21046,10400,57870,93247,65299,11403,,3015158,2700000,1
OOE,8531,10812,66019,126527,22100,281569,58358,201450,34353,,10629615,3370000,0
IPAD,447,236,6392,3136,1100,14555,8474,6762,1682,,262617,700000,1
DVF,193,156,1923,820,824,4927,6110,7976,847,,265457,7000000,1
DCB,237,151,1618,1568,577,5884,5848,5110,1126,,280814,350000,1
QRDO,662,982,23450,11289,4330,50371,45698,24164,5426,,572208,28250000,1
SHI,2988,3292,42605,68935,18600,221039,172323,65792,31551,,6463838,13340000,0
COLL,469,1502,2687,3220,3530,9653,25774,6928,3703,,395675,1630000,0
EFI,4496,1749,38791,22017,10300,99167,138592,53674,13661,,2481003,38900000,1
DPX,2608,2655,52169,53388,9440,130512,84675,18672,18094,,2962176,10050000,0
PLUT,1364,2311,3999,5287,5740,16105,76737,9717,7329,,823265,180000,0
VITA,1371,1498,3986,7811,3450,35678,16113,10526,6578,,1048815,490000,0
MPAD,2413,772,31229,20557,7640,78575,74750,42099,12953,,1818417,2200000,1
BUNI,1717,1721,19590,14273,4620,58833,37872,37119,6748,,1380484,1700000,1
PINK,837,777,4354,4487,3310,26306,27227,21647,5626,,870042,300000,1
HMT,996,637,5053,7096,2310,33543,24614,32219,4059,,692436,100100000,1
NABOX,1530,2209,14994,15891,5210,67243,25678,7840,9922,,1019350,680000,0
BLP,587,130,1591,1826,1250,7824,15445,11092,2463,,427345,2120000,1
PERA,1298,854,16665,23901,4740,60148,25714,53411,7435,,2094809,2000000,0
MEM,1963,1082,17139,6441,4850,47602,64239,58596,6388,,1678391,5350000,1
BZZ,1,0,7,7,2,21,12,17,4,,934,15930000,1
ITGR,129,311,594,1019,873,5407,10879,8770,1711,,98724,4410000,1
IBY,425,504,4590,1726,1280,10511,11296,16776,1690,,305485,240000,1
FARA,5051,4236,20089,33254,10900,139124,71125,64111,14820,,3787253,2570000,1
OPS,610,784,10368,9578,2520,32909,17408,26130,2735,,567791,450000,1
CCAI,305,295,2031,2629,978,9862,13843,10628,1534,,443003,8500000,1
DLTA,217,69,3182,2727,615,8004,4413,8895,1073,,277991,1910000,1
CNT,545,704,15604,17965,4030,58081,57464,46225,6640,,851725,1130000,0
MOZ,1461,510,10551,7116,3950,39576,22401,45570,6367,,1114474,280000,1
SOLPAD,54,51,680,911,361,2591,4125,4413,494,,145752,2660000,1
VEGA,370,244,11335,7402,2430,24577,24096,18906,2780,,974995,59750000,1
BBT,664,2032,15942,10687,5260,33756,69736,56104,8848,,2190098,5600000,1
LSS,2204,3700,16809,29982,10100,72988,37295,119405,15947,,3200381,2700000,0
MAKI,1872,2229,15346,7171,5820,63275,85933,28005,11626,,1297242,1690000,0
IONX,421,933,9213,13919,3180,39252,25464,19753,3489,,733161,200000,1
SAITO,1172,1355,20919,16599,3810,50737,40124,44982,5588,,1638490,2400000,1
CAPS,6447,4986,17732,33937,16300,96107,222075,107473,22606,,4412700,150000,0
BCUBE,762,540,1880,2456,1720,13475,18591,14778,3393,,200566,3750000,1
KALM,408,413,8366,2858,1600,18649,9645,11086,3192,,741539,2900000,1
CFG,570,1787,19133,10511,4690,52311,26109,26339,6584,,2000625,28100000,1
FREELA,4,3,24,8,9,48,92,107,13,,2305,1600000,1
MOOV,4347,1390,45847,31650,9800,108048,69437,129300,12752,,1153057,1000000,1
CROP,491,427,2846,4809,2740,14553,27916,40182,3480,,1187254,1400000,1
PARA,1080,1086,2469,3130,2720,14143,21317,25968,2819,,886638,300000,1
RICE,861,2199,13333,13724,7520,83561,103360,96802,8681,,985034,800000,1
DOP,1443,632,21901,9433,3780,47068,22463,52198,5898,,1505955,1320000,1
FEAR,1922,2142,23007,9711,7290,59752,65384,69685,8332,,862055,1240000,1
NFT,6632,6033,16450,60190,20400,122627,70866,190676,25464,,5417785,2640000,0
KALLY,93,45,1584,982,325,3198,3252,3535,618,,39053,1100000,1
EMON,730,246,9448,3523,1800,24384,13930,20555,2906,,817444,200000,1
RELI,330,664,13593,8051,2470,34718,20750,22953,4690,,534909,1510000,1
LNCHX,321,89,699,1969,879,4927,7244,9615,1649,,152464,1420000,1
PNODE,1371,808,6806,11161,2800,34904,24950,27629,4619,,1146643,780000,1
MER,634,928,8066,6100,2790,18106,24711,20653,3230,,1290399,500000,1
SDAO,939,1167,3679,6162,3630,14822,13495,8122,5378,,1106022,5170000,0
PROT,1094,1346,19971,17174,4950,55713,48253,37213,9287,,1047268,4230000,1
GDT,2788,1424,27903,8325,5600,56411,41530,82163,8811,,798942,4750000,1
IOI,415,337,3854,2299,1460,13219,14382,14171,2414,,711852,1800000,1
WILD,1229,1124,12348,10685,4280,32445,50157,47052,8552,,1888649,3250000,1
POLX,1347,1007,4052,6870,4970,29475,66463,30504,5332,,2260555,830000,1
ISP,1063,894,23945,12449,7440,62984,69147,45607,9453,,3660764,1910000,1
TPAD,593,1424,13814,14019,5130,52896,33034,39428,5378,,1320152,500000,1
SIENNA,964,951,10187,10325,2520,34317,23000,34066,3658,,866724,11200000,1
LEV,2492,1120,8389,9347,5090,28596,29462,49893,5574,,1821349,270000,1
NFTFY,838,837,5702,4857,2220,12510,23781,33223,3375,,632580,28295,1
CLV,846,1207,4847,3019,2500,19094,10819,23541,2604,,448732,57400000,0
XCAD,3919,2703,43387,34244,8030,106454,59113,108146,10991,,3293051,3940000,1
NAOS,432,366,2686,3949,2010,10713,29497,16048,2616,,270922,5400000,1
CQT,718,1552,11158,18183,5970,36921,35298,34343,9343,,1976989,14440000,0
STND,2151,2816,14696,22186,7500,64227,94134,87463,9277,,2076354,3580000,0
BLACK,729,821,13268,8719,2120,29628,18057,31743,3431,,788219,70000,1
TCP,1562,1025,9089,8952,3420,29814,27317,32524,3592,,898990,2500000,1
UNO,9155,6108,109898,80292,22100,284955,186628,231365,23323,,4896157,2300000,1
SHO,297,180,4591,3329,976,9311,11469,5246,1100,,117808,400000,1
BSCS,1049,1331,10454,23091,3850,46225,39921,19913,5777,,1827975,860000,0
FINE,2649,3937,16943,36620,7920,76167,116849,111162,13515,,1810364,3020000,0
TOKEN,1044,465,13997,6688,2420,30896,16442,34012,3631,,728858,3000000,1
DHV,240,385,4154,5246,1260,15769,15450,10538,1516,,616646,4980000,1
KIAN,466,222,899,2764,1170,7303,7974,13793,1747,,248832,1720000,1
MOAR,154,144,1648,630,402,5521,5975,4082,703,,95261,130000,1
STARS,4840,11069,62576,66573,32400,254526,78464,439288,53280,,15992380,66600000,0
MINA,1154,1710,29678,18543,9410,78619,58734,80515,16197,,1752545,48150000,1
YAE,5355,4401,44534,30262,11300,94202,157896,59296,11367,,3299211,1780000,1
LKR,1522,2388,24681,22952,7300,76667,64885,50201,7685,,1393241,1200000,1
TKO,8092,15778,141339,105620,51900,525054,454633,682337,90175,,17229470,7500000,1
CSPR,2565,1190,21153,14940,7540,42631,99465,62408,9156,,3554220,62900000,1
GAINS,589,227,3940,2348,1280,8139,18080,14304,2086,,314185,100000,1
FRA,1487,872,14618,5443,4980,30364,34222,42751,6331,,635492,21050000,1
COOK,769,845,6108,9562,2770,30263,15809,25885,5143,,426581,130000,1
RAGE,305,202,7537,5628,1340,17270,12464,15737,2295,,336863,3040000,1
XPRT,490,510,2551,3280,2190,18604,11899,12664,2749,,1079089,450000,1
PMON,3285,2020,28292,27687,7740,97595,62011,51505,9692,,3195229,90000,1
DPR,231,125,1837,1088,946,7643,5814,12363,1196,,359063,750000,1
TIL,212,161,846,1470,462,5587,6608,2431,497,,95016,2390000,1
SHFT,504,1090,5335,12740,3170,37889,38621,42128,4290,,1460019,500000,1
EBOX,930,395,7475,4590,1880,16760,17597,25198,2187,,902536,970000,1
CONV,1762,3319,20411,20686,8570,125952,65763,47450,8576,,2690008,2300000,1
XEND,663,1688,3138,4111,4900,28549,64034,50391,6818,,1159397,4000000,1
VEN,3556,3727,13371,33716,11700,100299,84360,157629,21659,,4888173,1660000,1
CATE,4724,7692,98538,68451,33700,338642,271575,199355,45416,,6353705,100000,1
DORA,171,145,6407,1940,1230,12824,11685,12417,2354,,382067,180000,1
TARA,743,558,5745,4985,3820,49702,32198,32797,3856,,695248,3300000,1
STR,3653,3267,41936,16493,8370,90488,111816,90380,12105,,2613058,500000,1
ATD,345,355,8319,7041,1440,19208,17893,20088,1937,,509115,950000,1
ODDZ,921,1325,7751,5782,4120,37696,21394,44594,5267,,517882,150000,1
INSUR,1192,1060,10285,6981,3100,33297,36335,42586,5987,,1055476,4500000,1
PKF,5485,21095,97893,31766,47600,261932,704766,352478,86381,,4928412,2030000,0
KONO,3464,1743,8669,15029,7430,51847,92471,106743,7851,,2567484,200000,1
BCUG,2010,1758,10912,4980,4890,31068,48989,30926,5691,,765947,330000,1
OXY,1469,950,35714,9671,5180,76008,45125,49765,8745,,2243671,20000000,1
CGG,2329,1046,11556,7752,5320,36253,55262,62722,9356,,1510693,1350000,1
HAPI,2928,3876,11609,26703,8860,109828,36758,84048,17441,,3543031,2930000,0
BELT,175,275,6965,3303,1500,18056,21207,8538,1786,,556473,3000000,1
ALN,128,400,1185,1728,1190,7280,16850,10218,2355,,284628,1750000,1
PCNT,841,733,6271,7426,3160,22988,33386,18270,6005,,1428354,1350000,1
KYL,2793,624,34513,18835,5960,85586,88802,31214,10309,,612956,12450000,1
BLANK,3392,2972,18136,41707,8270,122923,53324,68855,8292,,3613759,1920000,1
APY,458,1121,5657,1749,2530,14718,28758,5103,4498,,481383,130000,0
ARCX,133,67,1045,1904,593,5249,7545,3442,823,,255447,8300000,1
VTX,2025,1576,12842,6995,4850,30165,59246,54565,6955,,2037689,1000000,1
EROWAN,369,190,6231,4612,1730,17422,24864,16620,2773,,208084,26000000,1
FCL,4445,1215,16471,21121,10300,54725,146434,58049,10340,,1291868,2600000,1
VSP,0,1,6,5,2,14,26,18,2,,533,1100000,1
LYXE,1186,405,11929,13519,2660,33879,29089,17825,2771,,1185910,8220000,1
SOV,1608,1231,8646,6319,5180,26187,26458,31596,8472,,1942848,13170000,1
VAI,2749,1820,32256,24877,10700,142573,135272,129507,12148,,2674071,8600000,0
BSL,1890,2554,29179,33342,6100,85467,42853,75297,6774,,813459,880000,0
NUX,108,198,588,1323,601,4866,3539,7533,939,,91802,6400000,1
SFP,2441,845,22580,14035,6490,60439,66295,91326,6872,,2489639,5000000,1
ALICE,2026,1507,22783,8334,5820,67124,43102,71384,11212,,891950,2200000,1
MAPS,391,657,6404,16221,3510,49640,24609,12739,5811,,997798,5000000,0
DAO,1457,2018,28527,25757,12100,84656,82107,171274,20081,,3066665,7800000,1
POOLZ,4448,3988,58148,12564,13000,118989,86489,126237,21242,,4018845,70000,1
YOP,1170,1182,9904,8502,3280,24643,26566,44041,6301,,1246742,60600,1
CUDOS,2150,961,7864,11026,4520,42521,29107,35941,5260,,1444991,3000000,1
RIGEL,172,158,1043,1328,514,4240,6964,6012,888,,205599,200000,1
STG,2718,4577,36976,43548,16200,203807,223524,89780,29413,,2084059,20970000,0
BIFI,1367,605,11739,6329,3110,38004,45083,37463,5513,,959409,80000,1
XED,2152,1036,25442,23258,6030,75214,51037,36149,8802,,2613327,75000,1
FIRE,1614,4480,61540,48819,11400,158627,84996,166715,19769,,4013870,1050000,1
WHITE,174,486,4363,2956,1310,11376,11089,19190,2008,,541703,200000,1
UOP,144,74,627,859,354,4140,1970,4173,379,,133203,2000000,1
FIDA,572,421,5696,8427,1940,21844,27276,9720,3023,,502569,200000,1
TVK,2741,5814,23647,52311,20900,143143,269584,232138,27785,,5427931,110000,0
YLD,712,1415,20519,34299,6870,96156,64664,101416,11953,,1527367,1200000,1
BFC,1352,689,7995,5614,4200,37505,29006,30432,4356,,1235836,680000,1
BASE,401,1259,15445,9185,3490,41743,46845,37225,3673,,1049382,1410000,1
MONA,2154,1786,15450,15360,6530,50259,35574,29584,7490,,1198234,570000,0
KNV,5,4,45,39,10,103,66,118,14,,1516,260000,1
AXS,10640,5339,16564,37438,25800,140615,158070,297817,37268,,11857026,2970000,1
NSURE,320,381,4003,3323,1350,15461,14971,16350,2211,,444891,2120000,1
WOO,6169,3755,46560,29246,13500,172596,126428,123302,23834,,5215436,10650000,1
FUSE,758,620,9079,7298,1750,19965,13680,24778,1828,,299441,600000,1
GRT,21303,8401,62605,31633,54000,316308,490222,450569,99168,,6089844,12000000,1
RADIX,142,219,1853,2393,797,7306,1490,8189,1341,,324565,28000000,0
AKT,5841,5405,64075,109377,20400,293208,227982,302401,31573,,4047255,800000,1
AKT,2353,5324,60117,18528,20400,124629,281906,295371,35829,,5766947,2400000,1
UTU,516,165,3435,8073,1600,16279,21482,13705,2825,,769815,2830000,0
UFT,2255,1573,48065,21238,9040,100022,74521,106810,14564,,2086547,3250000,1
RAMP,820,1524,36063,25356,7840,97040,113252,107180,14618,,3412073,80000,1
JGN,889,761,12100,8347,3060,27359,15593,17191,4702,,1104718,150000,1
FLOW,799,2657,6683,12339,6910,36965,63261,71292,8082,,2125815,19500000,1
CNTR,302,97,902,2338,961,7308,10089,11838,1299,,319379,5000000,1
MBX,1926,1178,8571,11488,5400,54157,72277,56941,9039,,610835,2350000,1
PLOT,1153,564,8458,10953,3390,32353,48161,30948,6473,,1623774,200000,1
GIV,368,179,2640,4478,1010,10123,11399,13196,1626,,219800,210000,0
REEF,820,1864,21656,15593,5890,64743,57338,37415,7612,,2922998,3900000,1
FIN,976,700,11366,2631,2810,23038,30187,18569,5412,,1045951,1080000,1
CRU,2740,909,20709,15624,7340,77195,69778,55803,9483,,2611384,200000,1
DHT,1827,716,20110,21451,5160,62752,67602,54590,9506,,807793,6450000,1
LINA,840,1843,5437,10453,4600,49808,40966,8582,4834,,1633640,310000,0
FRONT,3296,3959,24611,17292,11100,65781,150371,129936,19970,,2527899,600000,1
LIEN,259,182,2475,1490,521,7335,7448,6418,970,,152910,1040000,1
HGET,141,178,4081,3260,1200,8560,16575,9326,1736,,177569,7370000,1
PERP,855,935,4625,12121,2800,35698,12876,27017,3136,,757180,9750000,0
RFUEL,1063,1312,7481,7178,3530,51693,46439,35233,3843,,1368603,1200000,1
FIS,1049,1773,7678,3797,3710,20042,16417,20325,4400,,1121360,1020000,0
BID,1013,931,7963,9212,2710,23762,39627,11822,3135,,1085538,19500000,0
OIN,751,477,9146,10286,2330,30839,27875,18129,2355,,848990,190000,1
NEAR,1,1,8,11,2,22,10,29,4,,785,33630000,0
AGT,1171,1550,5466,9121,4080,53078,27241,43600,6667,,594037,150000,1
OPT,584,384,6596,2346,1940,15564,21011,19552,3848,,965085,250000,1
CREDIT,1394,1458,22177,26585,4130,60206,38878,39901,6799,,1345992,230000,0
AXIS,66,66,457,549,592,4238,7455,5043,752,,286296,4800000,1
SAND,11621,7002,116608,100047,32500,251998,224692,445542,63039,,3522006,3000000,1
SRM,859,1745,25840,15055,5970,58954,53838,68041,9194,,666947,660000,1
BNS,1577,926,35267,7127,5020,70985,75234,34221,9093,,2024087,1000000,1
PLT,2583,1047,25896,22965,5450,59539,73596,50783,6803,,1858422,1660000,1
DSM,513,336,3679,1911,1970,13884,3395,28014,2933,,274682,500000,0
SWINGBY,183,392,1164,988,1120,7920,16272,13653,1259,,499124,560000,1
AAB,151,121,2619,2433,465,6842,3832,5163,781,,226410,9250000,1
ANY,630,1211,5422,9976,3050,44891,34282,18106,3286,,647918,62500,1
MTA,1102,1276,7913,5663,3310,48165,49434,30867,5743,,392288,4720000,1
AVAX,20087,9049,165597,256419,67900,823121,414848,567263,109327,,20150604,42000000,1
MTRG,1584,1323,8411,8363,3890,21386,35136,25080,6188,,635061,600000,1
ORN,2990,713,30300,20755,6270,78345,80668,43256,6507,,2964665,10000,1
DMG,1198,488,9166,2934,2650,19928,27910,20573,4081,,604578,2000000,1
WGRT,586,841,6472,6059,2500,23558,17349,26302,4637,,867352,2000000,1
RINGX,11,14,84,183,45,489,653,523,71,,12756,50000,1
TON,1347,2866,23942,8234,8470,80254,52983,62158,8651,,2406970,3890000,0
NDN,66,28,1640,1291,231,3288,1437,3223,362,,58692,2000000,1
FNX,249,611,9981,4585,2420,20014,15657,27987,2612,,323183,4400000,1
CELO,821,2643,4293,10648,6770,42035,30245,86762,7705,,814737,1248000000,0
JST,535,921,2769,7184,3590,17038,43750,34524,6080,,1333866,4070000,0
CTSI,1962,1645,5334,7002,4190,21522,45158,25565,6461,,739029,1500000,1
DEP,2159,1187,26291,5866,8870,55783,101890,127670,14857,,4379533,20000000,1
KAI,6974,5375,67811,73765,28700,348192,185634,212591,37399,,4529143,4280000,1
SOL,42070,63956,561578,297867,207000,1575684,1688864,365505,242889,,66804384,29280000,0
XX,1182,1007,4440,3544,2980,11337,26231,40929,3784,,950637,23000000,0
BDK,65,64,262,578,175,1742,2546,880,256,,63597,240000,1
HDAO,563,412,3520,4971,1390,16314,9603,14671,1882,,465133,2000000,1
PNK,586,509,5372,7302,1570,18025,5600,2124,2901,,624520,5960000,0
WRX,2290,1286,8439,16183,5320,79038,53914,72836,9185,,844332,2000000,1
BEPRO,1276,1523,22938,33855,8450,117686,106009,97367,14149,,3854946,3050000,1
TROY,415,552,9871,2834,1770,20034,22492,8956,1955,,745900,12400000,1
KDA,4464,2832,33630,27230,16600,217233,198028,143089,26809,,5611093,44930000,0
EMX,27,53,707,629,270,1866,1961,2243,280,,59749,8000000,0
ROAD,2166,809,11731,12759,4460,53328,56215,41994,4597,,2178716,3710000,1
CKB,2665,1143,45451,10447,7460,102870,102562,78538,7972,,1984242,67200000,1
KAVA,4194,2344,35431,34026,8590,87593,47967,91182,11503,,3070815,3000000,1
ROOBEE,0,0,3,4,1,9,12,8,2,,181,11630000,0
BAND,2862,2036,13840,9478,6620,51653,74088,54776,7745,,2772809,10850000,1
NODE,260,120,1639,3406,767,10762,9968,10885,1186,,184585,1500000,1
XPO,431,303,756,1914,890,7273,8692,12183,925,,426413,5000000,1
STX,2969,3512,21124,17313,9720,78275,90631,103041,16110,,2715568,85500000,0
DILI,19,15,353,269,133,1069,1773,1737,191,,57536,2150000,1
PERL,239,351,5153,4171,1750,13706,25987,16772,2781,,665550,6700000,1
RES,154,102,1298,3061,917,11307,920,10708,1124,,393906,6800000,0
TOKO,1784,2175,7580,19507,6510,41675,61882,67354,10469,,2863270,25000000,0
PLG,264,186,6621,6151,1460,16546,10778,19862,2133,,634340,19000000,1
EGG,1511,637,10769,3741,3840,23492,27968,45782,7235,,1700385,4800000,1
LOL,370,646,9489,7820,1910,22028,20620,16625,3488,,743408,2520000,1
UAT,48,58,249,211,185,941,1797,2295,219,,26454,2000000,1
AUDT,115,354,842,545,715,3427,5343,6859,1244,,78454,2200000,0
BIA,106,46,486,443,265,1389,2429,1762,381,,125582,660000,1
FRM,1061,834,2398,7065,2730,20428,40072,28646,4059,,409090,1120000,1
WIN,7512,8882,23821,49421,29000,212952,202241,173171,47138,,7032331,16000000,1
EM,561,543,4208,2676,1510,8537,21082,12553,1676,,642830,11590000,1
KGC,1381,1683,3791,6660,4230,37666,42395,50577,5650,,1774868,3500000,1
RUNE,2874,7058,38611,81032,14800,176764,115632,160266,16788,,7214831,2000000,0
DEEP,230,129,2348,1132,554,5320,6270,7962,586,,142319,3000000,1
CBIX,279,259,1012,1226,742,5795,10628,6365,1167,,128244,2790000,1
AKT,4676,6571,70126,20947,21900,149248,131836,246632,36925,,5995121,800000,1
AKT,9362,8364,101679,79251,21900,317392,312988,163780,30256,,7739102,2400000,1
UOS,9161,5936,91480,58498,20000,210703,165975,123707,39245,,6279104,5000000,1
XENO,56,56,321,657,178,2412,2555,1355,355,,25881,150000,1
ZUC,2,1,4,6,5,20,45,45,9,,608,4460000,0
NOIA,4583,1984,17439,8823,14900,80271,86848,159721,26525,,6858678,6600000,1
ERD,924,467,16676,6650,3280,37966,28163,42297,6256,,1548810,5150000,1
WXT,1163,796,7040,3445,2440,20209,32591,19594,4485,,429090,7000000,1
PHT,831,283,4608,2724,2220,17613,2870,33044,3165,,600087,20000000,0
MBN,183,130,2232,3032,730,6772,4060,6299,1218,,228706,3000000,0
SERO,122,202,2072,1548,921,10162,12025,9904,1708,,343605,1380000,1
AMPL,983,530,4492,5429,3360,14750,37026,30343,5653,,1665141,5000000,0
PDATA,2,3,23,41,7,99,23,95,11,,1393,30000000,0
LNX,29,20,342,264,63,875,461,786,92,,16851,13000000,1
SQR,424,596,2619,9565,1600,22972,20927,10742,2801,,603520,9800000,0
UNC,233,118,962,1435,603,7258,6281,5415,806,,167247,7500000,0
WICC,1246,1009,5898,4318,3370,28419,45111,45867,4676,,794755,250000,1
MITC,88,74,892,1131,410,3987,4858,3304,434,,97169,6030000,1
RAVEN,399,383,934,1998,1100,5993,9805,8180,1428,,402439,6100000,1
MYO,327,654,3828,5083,1650,12508,5252,15537,2760,,324042,2640000,0
PVT,130,295,2457,2595,808,9639,10758,9021,1285,,370621,9710000,1
STP,164,53,667,1088,397,5534,3915,3353,546,,164980,8000000,1
BQQQ,73,54,383,770,154,2249,1160,2175,228,,57630,6500000,1
ETM,924,1885,7361,4099,5610,39046,67011,59313,6432,,1939645,12500000,1
MIX,518,454,2535,6832,1670,21955,13892,16378,1760,,554228,7200000,1
COTI,5787,2285,72560,33364,12700,148535,142663,96323,12879,,6108259,11000000,1
PROM,535,164,1508,3123,1170,9089,14357,10552,2100,,503000,4850000,1
CHR,696,1512,12065,6216,5190,33921,66832,69507,6339,,1849145,13000000,1
ONE,32454,29516,110713,240522,88600,875002,728265,1090711,91161,,40485838,23000000,1
MGC,144,90,1125,925,799,7182,2443,7030,1088,,353018,4500000,0
VDX,53,91,323,213,209,1995,1913,1933,213,,29097,5610000,0
RSR,15643,19215,89609,59340,52200,356450,535748,263428,56042,,20083913,9960000,1
VOL,105,255,4689,2704,929,13566,7107,10104,1711,,419596,30000,1
GMAT,24,38,869,608,133,1774,1561,1234,190,,32123,9820000,1
ALV,207,403,6019,5425,1790,25829,16884,18876,2786,,576695,6840000,1
TRY,229,488,9275,6884,1530,19622,9338,18816,2687,,578133,5600000,1
OMI,5920,12528,155877,89929,37900,334326,312502,560600,43845,,9091073,10650000,1
LEO,3344,1230,7259,17388,8410,60299,71363,96522,14528,,2059575,1000000000,1
EVT,192,241,211,476,625,1161,1668,7906,694,,86074,1600000,0
CNTM,73,47,526,1311,291,2749,435,3844,308,,122085,4500000,0
WEB,572,326,1980,641,1530,5754,22506,14125,2882,,564607,17820000,0
TT,4737,6443,64441,34414,21900,131678,279622,213781,27179,,2211795,50500000,1
EVED,130,370,1068,1479,1170,5926,11580,5276,1222,,465351,2550000,0
OCEAN,3293,6821,20535,32326,15000,150662,194698,55015,19838,,5672850,31600000,0
MBL,1061,1111,13146,5661,3240,45241,44460,43109,6458,,419640,4080000,1
BKC,73,61,474,153,211,1403,1535,1719,327,,52568,3740000,1
DUO,266,180,2208,1689,970,8966,11641,11557,1011,,208810,5100000,1
SKP,233,227,3458,2152,880,10748,2174,1961,1478,,233257,230000,0
MATIC,16515,31434,234378,257289,104000,695849,1280414,1471118,127978,,34627708,5600000,1
ARPA,1730,2295,34165,52439,12100,159472,143419,86009,23773,,3050154,8000000,1
DXN,207,83,868,1157,701,5249,3737,4634,985,,155579,3500000,1
DREP,1001,1210,39274,13158,7390,98530,67458,99641,7779,,3514512,22800000,1
IXB,0,0,0,0,0,0,0,0,0,,0,7500000,0
ATLS,307,211,2742,1625,882,8193,12847,12605,1190,,109441,7600000,1
LUD,47,59,896,620,264,1800,2161,2854,395,,48484,500000,1
FOR,397,328,7172,10651,1970,26698,11350,14849,3059,,597391,1000000,1
CNNS,50,27,154,294,102,1508,1474,1307,190,,20329,24600000,1
GT,1937,2628,24316,11113,8550,96015,93177,126897,16643,,1893315,83000000,1
AIV,263,209,2339,1710,694,8189,6107,8136,1070,,146668,1600000,1
UPT,22,47,427,206,169,1404,1603,1247,206,,83778,8000000,0
RFOX,1137,859,4600,10954,2550,35751,19159,15805,4018,,711117,5650000,1
IOEX,26,25,176,221,83,708,530,1242,128,,23080,27200000,1
ACE,10292,6437,73044,31799,22100,311718,144242,238422,42820,,9412763,160000,1
FAC,88,95,1077,705,274,2439,3434,2251,307,,71672,7410000,1
NEW,639,817,8165,9742,2100,28455,24638,16582,3925,,509983,35270000,1
EVA,1145,938,9089,7438,2620,28893,22260,23351,3486,,925972,6000000,1
UND,492,314,6586,5646,2120,18629,14446,16779,2857,,599840,400000,1
OATH,665,438,6941,8785,2980,24145,16691,40835,4456,,1284780,4000000,1
MTV,419,416,4810,7283,3180,21806,20830,31778,4909,,970951,18600000,1
MTV,1204,980,1369,2248,3180,9608,10730,5196,4255,,941299,35000000,0
GTS,46,87,519,629,343,3482,4726,4395,468,,170422,1500000,0
LC,1469,980,5728,15733,4790,46912,26475,56089,6704,,1037717,500000,1
VELT,23,12,148,164,78,492,912,744,78,,14471,9000000,1
ARM,367,390,5196,2816,981,12271,12276,9445,1420,,476129,40010000,1
VBK,334,138,908,689,733,4805,4017,5557,1449,,132070,7000000,1
PTI,299,243,1876,1878,1080,9446,4051,10863,1516,,143974,2310000,0
TOP,3583,1508,31379,21658,10300,67144,68022,129680,14636,,1822686,15000000,1
LIT,934,701,21505,21405,5370,64165,28855,46479,9645,,1082827,4900000,1
CELR,829,567,9139,18765,5490,52601,55190,41020,10838,,1434815,34000000,1
XRD,990,2753,12885,15269,7340,88367,46328,91750,14582,,2844704,18550000,0
DOS,372,293,5393,1458,1800,12049,10127,15131,2718,,316592,1680000,1
FET,8857,2754,50623,24718,22300,161182,262209,276212,36186,,3948132,21000000,1
FYS,1,2,16,15,5,44,56,14,10,,934,18000000,0
CTK,2997,2966,12933,11047,8890,33001,74234,92912,17307,,1825947,15000000,0
URAC,3,3,13,21,9,62,97,95,10,,957,12000000,0
BTT,2892,1977,28508,67529,15000,171236,170804,172476,23423,,6018160,7200000,1
VNT,1109,1030,4806,5083,2810,19878,35740,8366,3073,,428403,15000000,0
HARA,23,33,298,382,156,1440,1000,1092,289,,49556,5470000,1
LTO,585,794,9981,17955,4540,44495,6353,24862,6203,,488211,5150000,0
TEMCO,30,16,101,71,85,266,1272,613,109,,30158,19000000,0
NDX,14628,9530,67805,36093,36300,353958,250960,385160,50831,,5158683,3130000,1
CPT,1253,902,15214,8346,2890,42260,28400,23032,4995,,1070958,9260000,1
SKYM,24,20,364,164,112,1352,784,1128,196,,28248,20500000,1
KAT,1055,467,1418,846,3080,7688,17903,15765,3701,,481662,19900000,0
CURV,216,275,1758,3336,945,13642,1727,10567,1624,,352755,13600000,0
DUSK,1547,916,3571,6991,4600,15146,40953,39549,7043,,1470654,14400000,0
COVA,188,174,1094,1418,630,4298,5513,6020,970,,113561,14020000,0
UGAS,40,85,1245,1324,276,3804,3779,1586,372,,36041,20700000,1
BTMX,347,174,8885,6893,1630,18243,19193,15780,2006,,547216,13670000,1
MM,1464,4030,21517,29969,8780,61779,59102,91249,9405,,3866068,29000000,0
NOS,699,1275,3559,14401,2560,30461,3315,10097,4763,,736652,16750000,0
OCE,715,844,24875,19013,3690,50247,21000,26840,4627,,470771,11250000,1
EFIC,1,2,11,7,5,47,57,36,6,,1114,16000000,0
ATP,893,325,4819,5558,1880,23590,15523,22170,3404,,557333,30000000,1
GMB,584,463,7109,4286,2390,27572,18134,20236,2530,,411627,15000000,1
YUM,334,376,1438,3106,1240,7442,17109,10066,1524,,406444,20000000,0
AERGO,1364,1785,14224,16975,4840,49768,62535,48703,9196,,780601,30000000,1
LAMB,748,1210,3870,2234,2530,11240,26216,35871,5057,,1164264,20000000,0
IRYO,1,2,22,20,10,63,104,32,10,,1329,26000000,0
TUT,45,75,684,604,353,1894,4750,3144,658,,174392,40000000,0
MHC,275,339,5733,4958,1460,18377,19400,13470,1931,,520442,35970000,1
BOLT,3492,4037,23298,58244,10700,152666,119475,121467,12333,,3813337,12000000,0
META,11165,4759,95674,35444,27500,328454,151309,388774,47387,,11611017,10490000,1
ANKR,1395,2196,44785,30275,8820,99018,86496,117688,11456,,3356232,18700000,1
BGG,275,145,2996,3021,569,8201,7255,3886,945,,152589,3770000,1
NEX,1054,676,19269,9956,5280,51821,78335,39638,7163,,2360456,25000000,0
DAX,1229,1200,2597,6173,11400,18417,65610,48477,21623,,2270338,2800000,0
CRE,790,1427,4296,1776,3970,16765,4463,53185,5696,,1903672,13640000,0
VRA,11710,6074,102287,78034,31300,284729,91891,85106,49234,,3885588,25000000,0
COCOS,3925,2675,16273,23831,11400,136742,163645,163413,14190,,5369423,36700000,1
LX,160,170,595,1688,982,3670,5259,7441,1234,,402834,10000000,0
ICP,6854,4723,30270,26708,15500,142774,194035,230424,27135,,6422312,195000000,1
HBAR,4394,4187,20938,20274,29600,105059,173467,321287,44298,,7794774,120000000,0
OGO,55,113,1110,907,410,3358,3679,4860,616,,46340,30000000,0
FOAM,107,78,185,400,534,1782,6218,2468,721,,114175,24000000,0
DX,885,1032,7311,3516,2440,20893,28528,35182,3814,,893963,21500000,0
ASA,129,214,694,1791,511,5258,2261,3901,726,,123410,12000000,0
KAIROS,131,93,1495,791,535,5852,4433,4663,653,,164305,30000000,0
FTT,4338,4252,24108,22645,14500,81234,214924,80023,16867,,6744610,20250000,1
CODX,1679,1387,3199,7015,3900,28398,44918,55511,4329,,614921,12000000,1
EQUAD,186,67,1180,2025,535,6385,5165,5828,917,,169619,20000000,0
LQD,1023,719,9634,8547,4230,29501,24588,40725,7725,,656002,34110000,0
PDXC,2,2,12,5,5,29,50,26,7,,2243,10000000,1
MDX,3440,5225,20689,63253,15700,204082,205802,98806,21564,,7004410,18000000,1
SPRK,342,217,1272,2425,717,6567,3699,5890,1039,,75205,30000000,1
DACC,111,152,401,254,320,1096,1433,1848,420,,39615,14130000,0
ZXC,54,87,1102,413,233,2345,1466,3265,332,,87797,9450000,1
BITX,164,34,864,445,340,2077,3127,3305,422,,45339,6720000,1
MAS,278,426,1352,1409,1230,4259,14777,7371,2307,,417293,9020000,0
DTX,196,404,1340,549,867,4801,7924,12938,1599,,179162,12340000,0
ESS,926,970,11760,12449,3440,32359,21578,39578,6544,,382951,25500000,1
INCX,4,1,11,14,8,44,105,65,11,,3292,5130000,1
ELY,265,350,3376,3017,1520,12811,20428,12014,2343,,239374,7000000,1
DAV,141,87,1911,1503,386,5036,3046,4943,386,,90805,38000000,0
MTV,1213,453,11287,9725,3040,27924,29200,32554,3480,,1193715,18600000,1
MTV,919,1294,12569,10840,3040,42463,24960,30463,3890,,1062181,35000000,0
ABL,45,80,218,172,350,550,4827,1288,425,,143780,10430000,0
OLT,367,250,7801,5326,1080,16016,16044,8412,1766,,241902,15000000,1
FTM,16431,17769,257016,78535,56700,772227,448026,788710,65434,,11089946,39400000,1
SDT,1427,518,28566,22317,4950,67372,70742,73894,5918,,2363947,30000000,1
IMT,902,1497,11924,4593,3390,36619,48121,22271,4837,,877066,41500000,0
ATMI,82,53,632,548,202,2880,1500,2727,228,,71434,25000000,1
AR,6524,6392,45490,66766,20900,295937,154878,184194,22274,,6423144,8700000,1
HYB,40,71,102,265,206,596,968,672,266,,61532,50000000,0
CUZ,92,65,1545,2007,354,5277,2565,5107,607,,114494,10390000,0
QKC,597,655,2836,3158,1740,9136,16362,8900,2689,,276970,20000000,1
CARD,1050,495,4456,5682,2750,17463,13898,29026,3595,,1353535,35000000,1
BIT,2513,6074,11087,15557,12900,43262,39929,166294,23827,,1577049,15000000,0
ECOM,595,264,3700,10319,1720,22423,15700,17393,2985,,700572,25000000,0
RMESH,4,4,13,21,9,76,83,85,15,,3158,30000000,1
BBO,479,237,8812,7287,1440,19389,14756,19788,2031,,449148,6790000,1
DCC,388,282,1980,1409,820,7772,9440,7210,912,,352861,49000000,1
PI,1378,4463,76804,49172,12800,178726,188656,135696,19822,,5344304,26670000,1
SOUL,6195,5061,51336,23958,21300,128899,125128,304397,41719,,10472366,9650000,1
ISR,380,242,3075,1665,978,10291,5365,8852,1591,,321431,20000000,1
CAR,1458,943,15982,13394,6030,34202,90045,67345,7411,,2433065,22920000,1
UPP,318,130,2683,1034,740,6760,10821,3989,814,,214646,27680000,1
LEMO,86,47,1237,377,472,3643,6017,4574,750,,160042,7060000,0
EGT,1785,910,28703,14611,4330,61806,45393,27812,5395,,1993887,23650000,1
EDN,207,701,2502,3230,1850,10028,18104,11541,3024,,898775,24000000,1
MVL,390,395,5448,4855,995,14044,14834,8000,1085,,218176,8400000,0
BWX,255,95,1632,1435,556,5814,7391,5318,766,,212243,22700000,1
RTE,1216,1190,9148,6298,3800,27782,55014,31474,6126,,433714,17500000,1
XYO,1882,4604,26340,40853,12100,105152,157275,34990,13891,,1936684,48000000,0
TTC,24457,18205,326708,206589,72300,1018257,893370,846323,87729,,8687559,21200000,0
HER,2477,3021,11506,3333,7920,31707,15760,63151,13233,,1937021,21770000,0
ABYSS,460,133,1448,1012,1200,3651,13669,9935,2397,,414035,18000000,0
QNT,6412,13806,86903,97429,28500,356876,51058,409239,46224,,4112360,36900000,0
BZNT,38,85,260,437,338,962,1654,1261,362,,103036,40000000,0
HYCON,3,1,13,10,6,82,63,82,10,,1301,22930000,1
ELI,246,165,2726,2401,866,12281,11712,9703,1076,,129212,24000000,0
GEN,822,487,2980,6616,2460,22917,16620,15965,3526,,1080900,30000000,1
HOLD,566,336,2779,2933,1570,12943,10503,14584,2871,,215446,11300000,1
GRAIN,1691,4002,11523,21616,8600,54064,98043,53121,12390,,1608493,14800000,0
SKM,296,266,3404,3815,821,10111,7236,7009,933,,234946,16470000,1
LBA,310,257,797,1904,778,6484,8160,5850,1539,,378485,26400000,1
MVP,1145,1789,7640,11736,3920,27800,24949,43658,7557,,1743452,28690000,0
OMIX,2,2,10,10,6,36,35,77,9,,2562,35000000,1
GO,2050,1109,14285,11500,5410,52358,19151,68851,5662,,1601172,13690000,0
UBT,3559,3134,54011,54797,11000,156138,124237,147152,17536,,5044725,13540000,1
CAN,1901,1887,10621,6316,5750,30422,60095,29993,7993,,2398655,20000000,1
BCT,1191,835,5903,3762,3270,20084,3278,12990,3984,,553454,51500000,0
XMOO,1,1,10,13,3,27,3,30,5,,570,15000000,0
HOT,1638,5744,31087,51705,11500,144173,22906,160353,13548,,5059837,20390000,0
MORPH,263,579,5007,8523,2370,21494,20990,8259,2753,,1114012,18000000,0
DML,168,376,1134,2704,780,10396,6497,6760,1293,,90983,17900000,0
NBAI,44,38,129,44,122,341,1329,836,202,,25667,17700000,0
NKN,1074,789,11354,8197,2340,29738,26975,11912,4228,,617955,12600000,1
LND,336,195,1952,1271,1080,12129,14791,13871,1225,,489493,10000000,1
AUC,375,343,1037,452,1330,4310,5710,3752,1859,,436588,3870000,0
OPEN,1254,917,5361,6069,3340,19520,44886,23687,6150,,644866,18000000,1
EMB,988,1091,5157,13774,3040,38887,21494,19193,4697,,1472670,7000000,1
COIN,4105,7843,107473,46177,19400,278442,241653,275295,23592,,2612907,30000000,0
PLAT,544,540,6796,2831,1920,19008,7076,20126,3803,,384532,16670000,0
THRT,19,28,73,64,57,315,461,719,103,,20527,30630000,0
CHX,254,189,8291,13213,1870,26556,4266,3859,2243,,233376,5530000,0
SEELE,79,157,3137,968,622,8669,3641,8797,678,,217944,12130000,1
NEXO,3916,4871,26785,33772,20700,130686,230672,284273,38718,,3669604,52500000,1
FACE,1617,1572,4970,5893,5340,29533,69859,46263,8879,,875520,40800000,0
NRV,631,483,1808,4783,1780,10471,2916,1879,3082,,317128,22840000,0
EFX,1157,2001,23558,18925,4790,62571,41112,50112,5676,,1511253,18350000,0
CAPP,791,999,5033,4595,2020,20365,13188,24528,3751,,631984,20000000,0
CEL,9153,8462,77050,132086,27900,374260,177336,233665,51088,,13355049,50000000,1
NCT,1835,938,1958,4417,5290,11405,56665,74263,7475,,598681,50000000,0
VIEW,289,266,1263,539,774,4042,7670,8422,1128,,359676,12000000,1
FDZ,203,194,431,645,580,4219,6136,7986,1009,,126497,50250000,0
SPN,266,915,2739,6764,1880,14956,2247,5145,3644,,190673,30000000,0
VLD,239,180,3314,3939,1040,15061,10436,6665,1544,,471881,25000000,0
SWTH,617,1227,11673,16149,4960,49593,33005,50010,5045,,2417994,8700000,1
SMT,3682,2409,10048,4018,9940,28729,10666,98318,11995,,2703907,9680000,0
DRG,151,221,1525,2248,1090,6803,12554,14472,2033,,320283,407500000,0
MFG,253,437,563,945,1560,3323,23029,12351,1934,,545720,19660000,0
EDR,1206,615,13627,6295,2520,28160,28659,28820,3775,,806748,45000000,1
YEED,36,90,448,751,346,3138,4642,1997,407,,157001,40000000,1
SENC,33,58,188,412,210,1102,2731,2203,396,,102587,14400000,1
DATX,120,242,1625,1772,622,5247,8233,3220,1144,,231867,44150000,0
ZCO,183,145,1588,904,682,7829,5904,3819,814,,262137,8560000,1
IPSX,14,16,120,86,96,813,1165,1262,144,,12389,9330000,0
PAL,698,365,4296,2175,1880,17544,18015,16520,2666,,909360,20170000,1
CTXC,4278,2104,55999,20603,9120,128255,128789,92719,14227,,3872522,34870000,1
TOMO,1185,631,14432,15431,6060,48401,68339,74246,11127,,1393892,8500000,1
MAD,1931,1214,8654,8170,4870,66902,52395,24451,7001,,1586361,25000000,1
BERRY,4804,1976,54022,90326,17700,248127,121476,27234,23488,,7241039,30000000,0
BNK,194,332,883,251,1050,2481,12597,8978,1484,,395769,215860000,0
CGCOIN,1,1,12,4,3,24,23,26,5,,879,5000000,1
IGNT,42,46,61,203,164,498,1234,644,328,,23366,8690000,0
FTX,4398,5538,19698,25615,12200,116394,95108,93256,22001,,3664299,25000000,0
ADH,37,113,1848,1579,347,5142,4473,4848,474,,154107,17490000,1
NPX,88,60,965,1185,264,2777,1525,2485,441,,105743,18320000,0
LYM,1883,1322,11178,3171,3770,23049,25705,48308,3948,,1584125,12680000,1
HT,10091,10011,122743,197097,37900,503790,496508,272903,58293,,13883168,300000000,1
DEB,244,178,2847,1464,499,6335,7350,2803,846,,131731,17200000,1
ELEC,190,83,905,1814,501,4395,3402,4934,669,,221911,30000000,0
TFD,205,723,4358,7386,1660,15087,5535,8704,3096,,519339,19090000,0
BAX,4033,1090,29735,43375,9360,125462,51258,96542,17229,,1333729,20000000,1
DOCK,2098,2505,27937,11022,7320,60976,78165,66806,13351,,3064664,20000000,1
LST,381,294,3226,1756,980,10864,12224,11945,1753,,121172,47500000,1
CLN,305,821,5184,8650,1920,24169,16182,5136,2301,,282535,50000000,0
CS,8431,7035,120458,102556,33300,271587,445162,316064,45787,,10466107,20000000,1
ZCN,766,995,3474,8747,2600,22897,25784,29964,4803,,1294841,39000000,1
REM,597,355,1675,2486,1320,7653,14547,19429,2068,,156207,17540000,1
LIF,116,87,1182,931,433,3828,3679,2428,721,,64315,10000000,1
FND,1006,891,3003,7692,2840,23527,17622,15137,3096,,785254,15000000,0
EBC,56,119,283,679,279,2664,3157,2216,284,,69366,25300000,0
EXC,479,740,10493,5573,1980,22497,25094,27467,3942,,814143,20000000,1
GBX,640,169,6655,3004,1600,20590,12557,12944,1969,,642117,12270000,1
FSN,0,1,7,11,3,31,22,38,6,,860,42190000,0
CPY,161,193,1610,517,659,4081,3490,5281,1198,,321504,62930000,0
DTH,90,99,1393,1103,403,3557,6003,3399,613,,108187,13440000,1
INSTAR,543,235,4328,1927,1780,12536,23348,16557,3053,,333874,17380000,0
RKT,333,404,16290,7068,2690,34528,14817,21639,3312,,1049135,27000000,1
RFR,1563,1284,14194,11061,5130,70455,64569,53421,6114,,1361576,32250000,1
CRNC,350,391,2435,2984,1600,11864,11946,14609,2169,,704647,36000000,1
DXT,139,194,1438,3297,611,7218,2713,7485,617,,229037,40000000,0
ABT,2762,1017,44852,15698,9660,99774,85779,124536,18298,,4487920,45000000,1
REN,1076,3182,11151,15074,6790,34502,68927,14182,9185,,1657712,34400000,0
BEE,448,649,6187,8107,2490,23648,29472,13967,4501,,496011,15000000,1
FXT,147,157,1174,1796,411,4680,3902,3832,441,,116619,36240000,1
WPR,540,554,4877,2824,1750,17689,22947,18602,2138,,636548,40000000,1
MTN,749,424,730,1014,2030,3661,15691,9448,3961,,988211,24000000,0
WIZ,3496,2855,32572,29424,14500,84616,114539,163182,22913,,2580413,20000000,0
AMLT,56,40,389,844,201,2246,2875,1868,391,,58541,16000000,1
STQ,110,145,1099,394,399,2704,3003,2195,488,,173033,25000000,1
CPX,418,329,5879,4655,1720,18276,23355,24505,2521,,599852,25000000,1
DADI,121,187,634,1579,700,4776,7443,5029,1131,,108951,29000000,1
SHP,77,131,1478,1998,467,5749,6706,6675,513,,138522,7420000,1
EDU,898,694,10579,4899,3610,39601,42637,53180,5650,,375772,10000000,1
NCASH,1589,852,3572,10419,4300,33742,26976,29957,7017,,659609,40000000,1
EXY,911,2050,13417,12123,6000,72179,70335,74164,7681,,2680870,9470000,0
CPC,1034,896,3963,3832,2800,30916,19692,34333,2970,,1314696,30000000,1
MWAT,505,352,2003,5676,1370,16194,7668,6965,2215,,184729,30000000,1
OCN,1850,1055,59191,28695,8240,119463,91669,55634,13523,,3789996,11580000,1
ELA,3831,1266,44197,40648,10200,131506,134419,62358,10496,,4133990,94070000,1
XNK,1439,1831,12975,10612,4900,54192,66571,27080,5567,,1955485,15000000,1
NPXS,4990,3707,55766,47540,11400,125020,62210,106639,19280,,3327274,35000000,1
FOTA,8884,3937,36308,50405,20300,272089,252647,258446,31650,,7749820,2000000,1
DTA,873,2601,4810,6663,5760,17757,33223,13358,7208,,1409320,37990000,0
BLZ,4459,4647,44738,23384,12400,90523,127596,78431,16071,,1398786,19500000,1
EVE,363,83,1316,3002,828,8862,6206,11113,1301,,375382,10000000,1
MOBI,341,353,4106,4572,1130,12169,6931,6030,1492,,557177,39000000,1
ZPT,339,127,1171,1869,854,6529,6798,6519,900,,269514,62580000,1
TRAC,1814,1626,55000,35870,14700,122597,173756,88415,18270,,4617493,21510000,1
MAN,2153,736,14915,10845,4390,30265,29997,53523,4401,,1249058,12590000,1
EVN,603,274,2615,1926,1560,8911,20852,14645,3041,,217773,150000000,0
IPL,221,66,647,1092,585,5818,6654,7456,986,,216324,18000000,1
AID,985,323,5881,5594,2020,28795,30059,23104,2971,,600253,18630000,1
BOON,73,60,668,632,274,1734,447,2345,285,,96445,10000000,0
CV,318,343,2647,1245,1190,9746,9005,8959,1237,,395256,19910000,1
TKY,376,352,5113,5390,1680,20470,11707,20872,3324,,747987,22000000,1
TNC,704,340,1932,2737,1480,7924,21323,12324,2946,,739409,20000000,1
GAT,923,664,7577,5886,1980,21620,15547,10104,2656,,260116,14500000,1
KEY,6586,5410,74318,54478,18400,223163,172683,117421,36568,,3236683,21780000,0
ADB,412,296,3264,3837,829,11069,7279,5995,1099,,271908,13960000,1
MOT,1488,1324,5631,4780,3390,25511,36871,19574,4101,,611437,60320000,1
LALA,685,595,10639,4434,1960,21381,19786,28246,3468,,531524,20190000,1
LATX,54,59,818,796,175,2446,923,740,295,,30111,15000000,0
FKX,976,637,14915,12018,2990,42539,39828,28078,5879,,712084,15000000,1
AXP,492,317,5715,11379,2730,32226,18982,16394,3425,,1091557,20000000,1
LOOM,820,2476,26253,13654,6010,67384,47895,21363,10523,,1663051,57000000,0
CHSB,3465,3798,24014,20093,12400,112904,157131,127513,15044,,1450919,50000000,1
ARY,115,54,1118,1863,343,4197,4710,2659,537,,120299,14380000,0
NTK,58,120,1043,2247,580,5775,2453,3893,936,,185424,71670000,0
SHIP,557,478,7151,5015,1500,20058,16716,9212,1593,,186584,30000000,1
CRPT,1284,997,7867,8704,2930,29819,29047,29371,3079,,1166060,47000000,1
THETA,3758,3743,15340,12068,9740,81395,110844,53096,19182,,4398032,20000000,1
ZIL,9337,8723,33898,65064,24100,180789,151320,322418,28467,,11919079,22000000,1
TIO,91,82,1654,1959,468,4636,5668,2855,623,,119339,135000000,0
ZIPT,53,19,374,532,175,1486,917,2222,286,,36680,19220000,1
TAU,2068,677,19873,9878,5520,43552,56893,41756,10619,,1307225,10000000,1
IOST,2890,1321,32694,12216,11700,102471,50745,141182,22009,,1829200,31260000,0
BLT,640,420,2760,2352,1400,11081,8083,16203,2523,,416617,1500000,1
BLT,555,302,5073,5751,1400,14941,10019,2869,2434,,377708,80490000,0
SIG,923,1029,7983,4699,2810,24462,26477,23218,3112,,574442,10620000,0
ABI,603,387,8585,6752,1760,26128,15144,9983,1859,,584610,3080000,0
RDR,1431,1380,22197,17381,3880,57309,40698,28596,5640,,609214,2550000,1
GWT,1449,835,10042,5071,2970,29776,40846,43417,5619,,525364,4000000,1
DIO,1990,1897,19376,16358,5160,45335,74535,75333,8452,,2099396,600000,1
CLA,701,306,6117,2760,2350,16150,35121,24879,3806,,684280,2260000,1
MEAN,245,241,14374,10220,2380,35172,22784,15039,3201,,458735,3750000,1
ANGEL,2259,2128,30341,20980,5590,70224,55388,29603,7025,,2770911,300000,1
MGG,482,346,1565,5553,1600,11171,14110,20436,2212,,498774,2850000,0
PSTAKE,1746,1205,12260,12972,4540,39235,61188,62851,6411,,984110,20000000,1
IZI,1098,1244,9724,7035,3920,27446,21876,48876,5252,,395211,3950000,1
UPO,1159,1640,3905,5993,6540,37489,65369,42309,10915,,1937071,160000,1
UNQ,851,627,3965,3536,2610,18105,16199,34390,4194,,874405,3400000,1
ECIO,1706,1068,5857,20115,4330,46271,19233,20130,7669,,1669947,1620000,0
MESA,899,605,6939,8163,2970,29636,16999,21446,4798,,1232306,2300000,1
ZWZ,1209,1589,10194,14419,6430,41746,61536,59424,7779,,2306705,170000,1
FORWARD,336,298,3756,3204,1470,14472,11199,20323,1995,,333632,1450000,1
SIW,1135,747,12160,5674,2300,29694,12045,23813,3250,,339787,1900000,1
QUAD,2215,1410,14177,20330,5850,83778,33402,59463,10472,,930474,5500000,1
FIGHT,674,570,8000,8741,5680,36080,24927,24339,10913,,1217533,3380000,0
LBL,1351,363,5207,7692,2720,34726,14957,27556,4748,,643572,3150000,1
CRF,222,355,1620,2609,981,8323,5984,11907,1127,,259475,80000,1
CHMB,313,379,5362,2860,1970,15212,28233,12500,2915,,966466,400000,1
GEO,1781,1317,16732,18181,10400,107613,82400,82530,20482,,5100846,2900000,1
SAFLE,364,453,9824,8175,1670,22186,24276,24113,2019,,524186,5550000,1
WAM,406,440,7833,4779,2910,26768,39640,24245,3253,,1307639,2740000,1
MGOD,1650,1813,22339,24355,5410,64012,38375,43465,6009,,1424695,4240000,1
PSB,2126,934,26974,29363,7610,95607,50030,106110,13538,,2729616,1590000,1
PEL,604,428,4642,4667,1610,15468,11302,10021,2642,,173355,2420000,1
CTZN,2913,1848,29704,16459,6140,67048,91182,87483,6336,,1387909,4400000,1
NITRO,2883,1424,6696,21749,5820,60965,65647,45881,7577,,2740961,5750000,1
UNB,2898,1462,26914,17863,6590,67691,54105,69571,8931,,3104668,9000000,1
VOXEL,1056,675,9449,10918,2320,33679,22440,32132,2364,,555640,6000000,1
DEHR,369,347,4768,5288,1740,20705,17973,26071,1995,,421616,1500000,1
TSP,703,537,1949,3212,1410,12144,14774,9693,2529,,297873,300000,1
FNC,1144,602,1817,4072,3690,8786,49659,51520,5019,,423533,330000,0
CVZ,554,919,11342,6415,3020,30036,17996,19635,3513,,799906,330000,0
SILO,647,214,6068,4110,1790,17444,23975,10037,2230,,457731,10000000,1
DEVT,540,173,2502,3600,1110,9178,15137,6188,1355,,410108,61470000,1
RACEFI,429,596,7119,7198,3000,20079,32792,35781,4497,,1097213,3350000,1
GCOIN,1086,1262,23933,12113,5430,72204,80607,42161,5853,,2648540,2000000,1
LMR,260,341,3855,2357,951,10045,1865,2149,1700,,229448,60000000,0
HPL,2759,1961,45234,45141,9330,113208,46790,62625,12196,,4266203,3270000,1
BLOCK,3142,2308,27734,30415,8650,101029,75694,64627,13554,,3620318,3520000,1
UMEE,1328,674,10193,8180,4300,22444,48748,40712,6642,,1437497,38300000,1
SCT,460,751,5222,8913,1630,18446,20661,7157,2492,,756833,2120000,0
MELD,525,531,5166,1582,1920,10691,21955,24559,3432,,279492,350000,1
RIFI,422,1541,14784,5003,3900,40939,38590,46061,4724,,1194332,6200000,1
MSU,2367,1684,11629,17376,8300,70279,47886,85709,13865,,3263064,2340000,1
SPRT,2421,1222,27169,12760,6740,62036,62607,90784,12508,,2916649,320000,1
CLY,838,622,5702,8354,2650,37610,30407,33702,5089,,947101,21000000,1
HEART,725,825,23644,32355,6730,85134,71198,94119,11411,,1347010,10170000,1
SON,1805,1850,1447,3544,6670,11077,16470,72017,11819,,1950678,3340000,0
QUIDD,561,957,10539,8211,3820,44739,47041,23353,4851,,1304647,4500000,1
SRG,1841,2124,4439,13179,5850,40472,49237,42578,6981,,2558523,1560000,1
BTL,1263,480,5387,9996,2910,33232,29200,33156,3603,,1045070,3150000,1
ARC,2651,6730,6203,14883,14400,39533,24331,161508,18158,,2813686,2800000,0
SIS,735,1012,6190,6045,3400,25684,39824,19537,4313,,1183477,10080000,1
WIDI,738,347,4676,2220,1700,9366,16494,11935,2437,,701857,100000,1
DEPO,623,1188,10004,12831,2680,36520,2850,30114,5255,,1105899,1010000,0
