token_name,total_positive_direct_mentions,total_negative_direct_mentions,total_positive_indirect_mentions,total_negative_indirect_mentions,soft_cap,ico_success
KXA,3053,1936,40100,28684,100000.0,1.0
MGA,2905,917,24796,25392,2850000.0,1.0
BICO,933,596,6544,6221,21100000.0,1.0
NEXT,1494,1902,3711,2196,3040000.0,0.0
UMAD,273,189,2426,2077,7540000.0,1.0
WIS,3319,1803,13377,31842,400000.0,1.0
ZODI,178,304,1733,866,3700000.0,1.0
XTAG,3510,2489,39578,29198,2900000.0,1.0
ILA,1848,930,11342,10332,2200000.0,1.0
NODL,637,541,7196,6401,25870000.0,1.0
PEOPLE,6327,2629,23383,24182,20000000.0,0.0
ORARE,840,812,6217,4642,2260000.0,1.0
TRVL,797,315,2655,5316,7500000.0,1.0
RIDE,4154,6838,53561,25458,6000000.0,1.0
NTX,949,1229,13324,8523,2000000.0,1.0
MONO,5320,3187,37851,54353,5400000.0,1.0
MONO,2998,5854,6706,13836,190000.0,0.0
BLH,72,136,1332,926,910000.0,0.0
WX,246,408,6569,3690,50000000.0,1.0
MS,2683,2373,21169,37760,2000000.0,1.0
ZKP,1057,935,5462,3848,40000000.0,1.0
GOV,462,1809,10097,5964,2270000.0,0.0
GOV,1566,1664,4068,7198,15000000.0,1.0
CHICKS,2129,6106,99637,66418,140000.0,1.0
CRAFT,524,440,18609,7623,2580000.0,1.0
KAKA,4234,3719,36759,49592,2350000.0,1.0
ANTEX,2820,3154,17915,8754,5510000.0,1.0
LORDA,1304,602,8951,8331,1700000.0,1.0
APR,453,358,2065,2765,12800000.0,1.0
NGL,1483,847,15738,13276,1490000.0,1.0
TITA,3609,1762,36712,59343,2270000.0,0.0
TRD,917,854,4281,3858,100000.0,1.0
AURORA,732,716,6678,7095,13000000.0,1.0
LIBRE,1203,787,3984,5965,870000.0,1.0
POG,1345,1983,32811,13788,1800000.0,1.0
GENE,2636,3577,35809,44450,8660000.0,1.0
GOG,4110,1924,27976,17279,5500000.0,1.0
PLN,456,552,3378,1149,8000000.0,1.0
MYRA,519,441,5493,9049,250000.0,1.0
PORTO,1163,1430,8109,9655,4000000.0,1.0
SOURCE,355,88,1370,2742,5360000.0,1.0
UXP,97,122,852,780,60090000.0,0.0
PLACE,5077,3547,45466,35679,1940000.0,1.0
NUM,946,1419,53390,39576,7200000.0,1.0
CWAR,2965,3103,29480,26391,3680000.0,1.0
XPRESS,356,233,1481,1822,2250000.0,1.0
OLY,3753,1537,47388,16369,140000.0,1.0
KART,734,242,2122,5198,1810000.0,1.0
VEE,872,754,842,1041,8800000.0,0.0
CREDI,337,686,7217,2547,2200000.0,0.0
TNODE,289,305,5037,2767,95000.0,1.0
CERE,1937,2063,22229,18110,37700000.0,1.0
BEM,444,268,2756,3352,2000000.0,0.0
SHILL,8570,3497,130406,46168,300000.0,1.0
ELMON,528,486,4430,4545,2290000.0,0.0
GOV,1298,649,8280,23003,2270000.0,0.0
GOV,1893,1341,6968,9283,15000000.0,1.0
HWL,697,335,2725,1800,1700000.0,1.0
SPAT,2714,1436,26658,10695,130000.0,1.0
YIN,706,523,14585,4341,4500000.0,1.0
DANA,968,380,9958,5357,11000000.0,1.0
GGG,939,974,12378,12901,2090000.0,1.0
CBX,692,498,3713,2011,300000.0,1.0
ARDN,611,612,1429,616,130000.0,0.0
THOR,1128,1758,3327,5760,4500000.0,0.0
ENV,381,214,1516,4351,2750000.0,1.0
GOFX,362,432,3427,3773,4850000.0,1.0
MONO,1625,3835,22340,19669,5400000.0,1.0
MONO,4965,3188,4396,3768,190000.0,0.0
GAN,969,1020,913,339,670000.0,0.0
ACK,1195,968,15735,6386,1800000.0,1.0
SCLP,2501,1510,3347,1148,2480000.0,0.0
DTO,1895,660,8032,16083,3400000.0,1.0
ERP,10,16,219,158,500000.0,1.0
SWASH,3573,4219,16126,31093,12000000.0,1.0
SIP,858,2264,6395,12728,230000.0,0.0
DKT,441,566,7435,9391,730000.0,0.0
CPOOL,1276,415,6804,4679,3100000.0,1.0
DOSE,840,1017,16276,11893,990000.0,1.0
CHIM,390,376,3219,3555,200000.0,1.0
OH,369,186,3326,2222,1920000.0,1.0
AURY,1699,896,11011,13157,108850000.0,0.0
BLXM,294,314,6765,3516,200000.0,1.0
NIFTSY,153,108,506,608,2500000.0,1.0
WND,736,1736,15601,33787,1850000.0,0.0
WTF,277,474,1552,2265,180000.0,0.0
LAZIO,1471,606,17495,7560,4000000.0,1.0
HERA,1320,648,14661,7868,300000.0,1.0
GODS,2525,3264,13452,15132,25320000.0,1.0
BCMC,1989,1230,27923,18992,3980000.0,1.0
DMLG,107,65,178,129,2130000.0,0.0
DFL,1902,1024,14587,17445,4200000.0,1.0
DNFT,4381,2336,25558,11037,2400000.0,1.0
TAP,258,648,2285,1280,130000.0,0.0
DFI,1824,1643,15322,10728,1650000.0,1.0
STRP,300,257,2907,3554,9000000.0,1.0
DVD,1,1,7,7,3650000.0,1.0
JET,298,161,2275,2928,11760000.0,1.0
ORE,661,237,6123,2804,450000.0,1.0
TTK,777,639,6223,3927,3200000.0,1.0
FINA,1934,1176,24293,13590,600000.0,1.0
KST,2348,4177,25665,22419,2530000.0,1.0
PSI,862,1620,8665,9984,3000000.0,1.0
RENA,3845,5861,21338,35004,2090000.0,1.0
DWEB,106,103,981,1963,2650000.0,1.0
WAG,10279,3455,84098,115656,3250000.0,1.0
AZERO,2994,3284,97209,52331,14800000.0,1.0
BETA,2339,2155,27355,22853,3000000.0,1.0
SOLR,1609,3304,59943,18325,1800000.0,1.0
DARK,640,629,4562,2510,3500000.0,1.0
BLOK,2209,2537,45511,26043,4900000.0,1.0
PLGR,2333,1937,5642,5346,27420000.0,1.0
HE,1464,3089,19116,10008,1660000.0,1.0
FUFU,137,198,6596,5429,3600000.0,1.0
NFTA,114,201,535,1113,1780000.0,1.0
LIME,2311,3404,16923,16597,2140000.0,0.0
GRO,227,655,7435,3222,24800000.0,1.0
BLT,1561,2413,20597,25998,1500000.0,1.0
BLT,2177,2695,16950,21792,80490000.0,0.0
MCASH,134,122,2863,2004,50000.0,1.0
AMAS,960,614,8343,3967,300000.0,1.0
PKEX,269,349,2700,3199,2850000.0,1.0
RPG,4362,3174,31682,27526,3620000.0,1.0
RPG,1117,1726,12559,12159,2320000.0,1.0
SCH,825,751,4572,6241,1620000.0,1.0
BRKL,641,923,18342,30349,2250000.0,1.0
DIVER,430,456,5734,2528,6600000.0,1.0
ORION,1067,653,10695,10889,5700000.0,1.0
KLO,871,611,3514,3790,3380000.0,0.0
VERA,478,871,3900,2458,3500000.0,1.0
NFTD,896,578,6199,6692,3700000.0,1.0
SRP,583,376,2318,1912,1950000.0,1.0
WELD,127,134,1328,1196,3720000.0,1.0
GRBE,1603,995,4180,2316,1160000.0,0.0
FOREX,661,233,7141,2112,4410000.0,1.0
MDF,1848,1529,28973,43411,40000.0,1.0
AMY,621,523,3912,5812,310000.0,1.0
DES,5137,2319,52632,27089,5000000.0,1.0
BNPL,344,82,1348,1237,7140000.0,1.0
ILO,178,73,1071,1795,3620000.0,1.0
RPG,3092,2781,15228,33281,3620000.0,1.0
RPG,1811,1551,14445,27955,2320000.0,1.0
OPUL,13034,11047,169222,84829,6450000.0,1.0
BTRST,7387,7502,50243,45438,12450000.0,1.0
GEL,1104,548,13876,6955,16000000.0,1.0
TREEB,1226,1148,8694,5419,2750000.0,1.0
IMX,6112,5066,38975,98169,13000000.0,1.0
XTM,1613,1626,13521,8115,600000.0,1.0
CDX,129,353,3172,1357,12000000.0,1.0
VENT,492,261,3148,2433,1400000.0,1.0
GAFI,4043,3813,79782,60987,2250000.0,1.0
CYS,5763,1908,88965,43509,1250000.0,1.0
IXS,680,890,7293,5912,700000.0,1.0
YCT,563,195,3358,1442,3120000.0,1.0
FLURRY,664,599,3536,3648,300000.0,1.0
MNY,3478,2550,40946,18128,800000.0,1.0
LIKE,2865,2461,25566,19774,44400.0,1.0
ACA,3491,2932,24975,33314,92500000.0,1.0
KNIT,2,2,24,22,1470000.0,0.0
CPD,293,271,2893,1957,2120000.0,1.0
POLI,964,904,3427,5787,1800000.0,1.0
OSWAP,0,0,4,2,1850000.0,1.0
KMA,1867,1219,10132,8291,6600000.0,0.0
KABY,1618,557,10950,14890,1610000.0,0.0
NTVRK,2139,1198,10135,7076,2500000.0,1.0
PNDR,256,124,1192,3282,2550000.0,1.0
YAY,957,744,1885,922,1900000.0,0.0
EPIK,1620,1778,2557,2492,4470000.0,0.0
TAUR,79,113,1634,1232,100000.0,1.0
WANA,1380,1781,24716,19233,1060000.0,0.0
TECH,1880,1600,12771,11246,2750000.0,1.0
BACON,735,880,11665,7077,920000.0,1.0
UGT,64,93,2405,2417,3000000.0,1.0
DNXC,718,1092,3828,17830,1480000.0,0.0
KMON,2054,2007,41554,23024,33000.0,1.0
EGL,81,109,695,767,17920000.0,1.0
PORT,4446,3201,57410,20019,1160000.0,1.0
BRIGHT,213,336,4805,5592,250000.0,1.0
EQX,665,1976,14042,16572,290000.0,0.0
LITH,1823,1262,6609,8208,8100000.0,1.0
GAME,3238,2109,19778,23432,2340000.0,1.0
SPO,1133,852,3352,2699,2960000.0,1.0
YGG,4723,3622,46554,32108,17320000.0,0.0
POLO,342,294,8406,7274,450000.0,1.0
BURP,850,897,13817,6268,250000.0,1.0
BNC,1001,635,12732,8652,600000.0,1.0
RWD,58,55,152,210,750000.0,0.0
SCA,546,233,2418,4856,2680000.0,0.0
CPHR,442,327,4644,1409,2170000.0,1.0
CART,452,489,5632,1525,3520000.0,1.0
OMNI,272,323,2922,2412,200000.0,1.0
YOLO,325,217,8662,13404,10000000.0,0.0
DFC,2538,4137,24931,21046,2700000.0,1.0
OOE,8531,10812,66019,126527,3370000.0,0.0
IPAD,447,236,6392,3136,700000.0,1.0
DVF,193,156,1923,820,7000000.0,1.0
DCB,237,151,1618,1568,350000.0,1.0
QRDO,662,982,23450,11289,28250000.0,1.0
SHI,2988,3292,42605,68935,13340000.0,0.0
COLL,469,1502,2687,3220,1630000.0,0.0
EFI,4496,1749,38791,22017,38900000.0,1.0
DPX,2608,2655,52169,53388,10050000.0,0.0
PLUT,1364,2311,3999,5287,180000.0,0.0
VITA,1371,1498,3986,7811,490000.0,0.0
MPAD,2413,772,31229,20557,2200000.0,1.0
BUNI,1717,1721,19590,14273,1700000.0,1.0
PINK,837,777,4354,4487,300000.0,1.0
HMT,996,637,5053,7096,100100000.0,1.0
NABOX,1530,2209,14994,15891,680000.0,0.0
BLP,587,130,1591,1826,2120000.0,1.0
PERA,1298,854,16665,23901,2000000.0,0.0
MEM,1963,1082,17139,6441,5350000.0,1.0
BZZ,1,0,7,7,15930000.0,1.0
ITGR,129,311,594,1019,4410000.0,1.0
IBY,425,504,4590,1726,240000.0,1.0
FARA,5051,4236,20089,33254,2570000.0,1.0
OPS,610,784,10368,9578,450000.0,1.0
CCAI,305,295,2031,2629,8500000.0,1.0
DLTA,217,69,3182,2727,1910000.0,1.0
CNT,545,704,15604,17965,1130000.0,0.0
MOZ,1461,510,10551,7116,280000.0,1.0
SOLPAD,54,51,680,911,2660000.0,1.0
VEGA,370,244,11335,7402,59750000.0,1.0
BBT,664,2032,15942,10687,5600000.0,1.0
LSS,2204,3700,16809,29982,2700000.0,0.0
MAKI,1872,2229,15346,7171,1690000.0,0.0
IONX,421,933,9213,13919,200000.0,1.0
SAITO,1172,1355,20919,16599,2400000.0,1.0
CAPS,6447,4986,17732,33937,150000.0,0.0
BCUBE,762,540,1880,2456,3750000.0,1.0
KALM,408,413,8366,2858,2900000.0,1.0
CFG,570,1787,19133,10511,28100000.0,1.0
FREELA,4,3,24,8,1600000.0,1.0
MOOV,4347,1390,45847,31650,1000000.0,1.0
CROP,491,427,2846,4809,1400000.0,1.0
PARA,1080,1086,2469,3130,300000.0,1.0
RICE,861,2199,13333,13724,800000.0,1.0
DOP,1443,632,21901,9433,1320000.0,1.0
FEAR,1922,2142,23007,9711,1240000.0,1.0
NFT,6632,6033,16450,60190,2640000.0,0.0
KALLY,93,45,1584,982,1100000.0,1.0
EMON,730,246,9448,3523,200000.0,1.0
RELI,330,664,13593,8051,1510000.0,1.0
LNCHX,321,89,699,1969,1420000.0,1.0
PNODE,1371,808,6806,11161,780000.0,1.0
MER,634,928,8066,6100,500000.0,1.0
SDAO,939,1167,3679,6162,5170000.0,0.0
PROT,1094,1346,19971,17174,4230000.0,1.0
GDT,2788,1424,27903,8325,4750000.0,1.0
IOI,415,337,3854,2299,1800000.0,1.0
WILD,1229,1124,12348,10685,3250000.0,1.0
POLX,1347,1007,4052,6870,830000.0,1.0
ISP,1063,894,23945,12449,1910000.0,1.0
TPAD,593,1424,13814,14019,500000.0,1.0
SIENNA,964,951,10187,10325,11200000.0,1.0
LEV,2492,1120,8389,9347,270000.0,1.0
NFTFY,838,837,5702,4857,28295.0,1.0
CLV,846,1207,4847,3019,57400000.0,0.0
XCAD,3919,2703,43387,34244,3940000.0,1.0
NAOS,432,366,2686,3949,5400000.0,1.0
CQT,718,1552,11158,18183,14440000.0,0.0
STND,2151,2816,14696,22186,3580000.0,0.0
BLACK,729,821,13268,8719,70000.0,1.0
TCP,1562,1025,9089,8952,2500000.0,1.0
UNO,9155,6108,109898,80292,2300000.0,1.0
SHO,297,180,4591,3329,400000.0,1.0
BSCS,1049,1331,10454,23091,860000.0,0.0
FINE,2649,3937,16943,36620,3020000.0,0.0
TOKEN,1044,465,13997,6688,3000000.0,1.0
DHV,240,385,4154,5246,4980000.0,1.0
KIAN,466,222,899,2764,1720000.0,1.0
MOAR,154,144,1648,630,130000.0,1.0
STARS,4840,11069,62576,66573,66600000.0,0.0
MINA,1154,1710,29678,18543,48150000.0,1.0
YAE,5355,4401,44534,30262,1780000.0,1.0
LKR,1522,2388,24681,22952,1200000.0,1.0
TKO,8092,15778,141339,105620,7500000.0,1.0
CSPR,2565,1190,21153,14940,62900000.0,1.0
GAINS,589,227,3940,2348,100000.0,1.0
FRA,1487,872,14618,5443,21050000.0,1.0
COOK,769,845,6108,9562,130000.0,1.0
RAGE,305,202,7537,5628,3040000.0,1.0
XPRT,490,510,2551,3280,450000.0,1.0
PMON,3285,2020,28292,27687,90000.0,1.0
DPR,231,125,1837,1088,750000.0,1.0
TIL,212,161,846,1470,2390000.0,1.0
SHFT,504,1090,5335,12740,500000.0,1.0
EBOX,930,395,7475,4590,970000.0,1.0
CONV,1762,3319,20411,20686,2300000.0,1.0
XEND,663,1688,3138,4111,4000000.0,1.0
VEN,3556,3727,13371,33716,1660000.0,1.0
CATE,4724,7692,98538,68451,100000.0,1.0
DORA,171,145,6407,1940,180000.0,1.0
TARA,743,558,5745,4985,3300000.0,1.0
STR,3653,3267,41936,16493,500000.0,1.0
ATD,345,355,8319,7041,950000.0,1.0
ODDZ,921,1325,7751,5782,150000.0,1.0
INSUR,1192,1060,10285,6981,4500000.0,1.0
PKF,5485,21095,97893,31766,2030000.0,0.0
KONO,3464,1743,8669,15029,200000.0,1.0
BCUG,2010,1758,10912,4980,330000.0,1.0
OXY,1469,950,35714,9671,20000000.0,1.0
CGG,2329,1046,11556,7752,1350000.0,1.0
HAPI,2928,3876,11609,26703,2930000.0,0.0
BELT,175,275,6965,3303,3000000.0,1.0
ALN,128,400,1185,1728,1750000.0,1.0
PCNT,841,733,6271,7426,1350000.0,1.0
KYL,2793,624,34513,18835,12450000.0,1.0
BLANK,3392,2972,18136,41707,1920000.0,1.0
APY,458,1121,5657,1749,130000.0,0.0
ARCX,133,67,1045,1904,8300000.0,1.0
VTX,2025,1576,12842,6995,1000000.0,1.0
EROWAN,369,190,6231,4612,26000000.0,1.0
FCL,4445,1215,16471,21121,2600000.0,1.0
VSP,0,1,6,5,1100000.0,1.0
LYXE,1186,405,11929,13519,8220000.0,1.0
SOV,1608,1231,8646,6319,13170000.0,1.0
VAI,2749,1820,32256,24877,8600000.0,0.0
BSL,1890,2554,29179,33342,880000.0,0.0
NUX,108,198,588,1323,6400000.0,1.0
SFP,2441,845,22580,14035,5000000.0,1.0
ALICE,2026,1507,22783,8334,2200000.0,1.0
MAPS,391,657,6404,16221,5000000.0,0.0
DAO,1457,2018,28527,25757,7800000.0,1.0
POOLZ,4448,3988,58148,12564,70000.0,1.0
YOP,1170,1182,9904,8502,60600.0,1.0
CUDOS,2150,961,7864,11026,3000000.0,1.0
RIGEL,172,158,1043,1328,200000.0,1.0
STG,2718,4577,36976,43548,20970000.0,0.0
BIFI,1367,605,11739,6329,80000.0,1.0
XED,2152,1036,25442,23258,75000.0,1.0
FIRE,1614,4480,61540,48819,1050000.0,1.0
WHITE,174,486,4363,2956,200000.0,1.0
UOP,144,74,627,859,2000000.0,1.0
FIDA,572,421,5696,8427,200000.0,1.0
TVK,2741,5814,23647,52311,110000.0,0.0
YLD,712,1415,20519,34299,1200000.0,1.0
BFC,1352,689,7995,5614,680000.0,1.0
BASE,401,1259,15445,9185,1410000.0,1.0
MONA,2154,1786,15450,15360,570000.0,0.0
KNV,5,4,45,39,260000.0,1.0
AXS,10640,5339,16564,37438,2970000.0,1.0
NSURE,320,381,4003,3323,2120000.0,1.0
WOO,6169,3755,46560,29246,10650000.0,1.0
FUSE,758,620,9079,7298,600000.0,1.0
GRT,21303,8401,62605,31633,12000000.0,1.0
RADIX,142,219,1853,2393,28000000.0,0.0
AKT,5841,5405,64075,109377,800000.0,1.0
AKT,2353,5324,60117,18528,2400000.0,1.0
UTU,516,165,3435,8073,2830000.0,0.0
UFT,2255,1573,48065,21238,3250000.0,1.0
RAMP,820,1524,36063,25356,80000.0,1.0
JGN,889,761,12100,8347,150000.0,1.0
FLOW,799,2657,6683,12339,19500000.0,1.0
CNTR,302,97,902,2338,5000000.0,1.0
MBX,1926,1178,8571,11488,2350000.0,1.0
PLOT,1153,564,8458,10953,200000.0,1.0
GIV,368,179,2640,4478,210000.0,0.0
REEF,820,1864,21656,15593,3900000.0,1.0
FIN,976,700,11366,2631,1080000.0,1.0
CRU,2740,909,20709,15624,200000.0,1.0
DHT,1827,716,20110,21451,6450000.0,1.0
LINA,840,1843,5437,10453,310000.0,0.0
FRONT,3296,3959,24611,17292,600000.0,1.0
LIEN,259,182,2475,1490,1040000.0,1.0
HGET,141,178,4081,3260,7370000.0,1.0
PERP,855,935,4625,12121,9750000.0,0.0
RFUEL,1063,1312,7481,7178,1200000.0,1.0
FIS,1049,1773,7678,3797,1020000.0,0.0
BID,1013,931,7963,9212,19500000.0,0.0
OIN,751,477,9146,10286,190000.0,1.0
NEAR,1,1,8,11,33630000.0,0.0
AGT,1171,1550,5466,9121,150000.0,1.0
OPT,584,384,6596,2346,250000.0,1.0
CREDIT,1394,1458,22177,26585,230000.0,0.0
AXIS,66,66,457,549,4800000.0,1.0
SAND,11621,7002,116608,100047,3000000.0,1.0
SRM,859,1745,25840,15055,660000.0,1.0
BNS,1577,926,35267,7127,1000000.0,1.0
PLT,2583,1047,25896,22965,1660000.0,1.0
DSM,513,336,3679,1911,500000.0,0.0
SWINGBY,183,392,1164,988,560000.0,1.0
AAB,151,121,2619,2433,9250000.0,1.0
ANY,630,1211,5422,9976,62500.0,1.0
MTA,1102,1276,7913,5663,4720000.0,1.0
AVAX,20087,9049,165597,256419,42000000.0,1.0
MTRG,1584,1323,8411,8363,600000.0,1.0
ORN,2990,713,30300,20755,10000.0,1.0
DMG,1198,488,9166,2934,2000000.0,1.0
WGRT,586,841,6472,6059,2000000.0,1.0
RINGX,11,14,84,183,50000.0,1.0
TON,1347,2866,23942,8234,3890000.0,0.0
NDN,66,28,1640,1291,2000000.0,1.0
FNX,249,611,9981,4585,4400000.0,1.0
CELO,821,2643,4293,10648,1248000000.0,0.0
JST,535,921,2769,7184,4070000.0,0.0
CTSI,1962,1645,5334,7002,1500000.0,1.0
DEP,2159,1187,26291,5866,20000000.0,1.0
KAI,6974,5375,67811,73765,4280000.0,1.0
SOL,42070,63956,561578,297867,29280000.0,0.0
XX,1182,1007,4440,3544,23000000.0,0.0
BDK,65,64,262,578,240000.0,1.0
HDAO,563,412,3520,4971,2000000.0,1.0
PNK,586,509,5372,7302,5960000.0,0.0
WRX,2290,1286,8439,16183,2000000.0,1.0
BEPRO,1276,1523,22938,33855,3050000.0,1.0
TROY,415,552,9871,2834,12400000.0,1.0
KDA,4464,2832,33630,27230,44930000.0,0.0
EMX,27,53,707,629,8000000.0,0.0
ROAD,2166,809,11731,12759,3710000.0,1.0
CKB,2665,1143,45451,10447,67200000.0,1.0
KAVA,4194,2344,35431,34026,3000000.0,1.0
ROOBEE,0,0,3,4,11630000.0,0.0
BAND,2862,2036,13840,9478,10850000.0,1.0
NODE,260,120,1639,3406,1500000.0,1.0
XPO,431,303,756,1914,5000000.0,1.0
STX,2969,3512,21124,17313,85500000.0,0.0
DILI,19,15,353,269,2150000.0,1.0
PERL,239,351,5153,4171,6700000.0,1.0
RES,154,102,1298,3061,6800000.0,0.0
TOKO,1784,2175,7580,19507,25000000.0,0.0
PLG,264,186,6621,6151,19000000.0,1.0
EGG,1511,637,10769,3741,4800000.0,1.0
LOL,370,646,9489,7820,2520000.0,1.0
UAT,48,58,249,211,2000000.0,1.0
AUDT,115,354,842,545,2200000.0,0.0
BIA,106,46,486,443,660000.0,1.0
FRM,1061,834,2398,7065,1120000.0,1.0
WIN,7512,8882,23821,49421,16000000.0,1.0
EM,561,543,4208,2676,11590000.0,1.0
KGC,1381,1683,3791,6660,3500000.0,1.0
RUNE,2874,7058,38611,81032,2000000.0,0.0
DEEP,230,129,2348,1132,3000000.0,1.0
CBIX,279,259,1012,1226,2790000.0,1.0
AKT,4676,6571,70126,20947,800000.0,1.0
AKT,9362,8364,101679,79251,2400000.0,1.0
UOS,9161,5936,91480,58498,5000000.0,1.0
XENO,56,56,321,657,150000.0,1.0
ZUC,2,1,4,6,4460000.0,0.0
NOIA,4583,1984,17439,8823,6600000.0,1.0
ERD,924,467,16676,6650,5150000.0,1.0
WXT,1163,796,7040,3445,7000000.0,1.0
PHT,831,283,4608,2724,20000000.0,0.0
MBN,183,130,2232,3032,3000000.0,0.0
SERO,122,202,2072,1548,1380000.0,1.0
AMPL,983,530,4492,5429,5000000.0,0.0
PDATA,2,3,23,41,30000000.0,0.0
LNX,29,20,342,264,13000000.0,1.0
SQR,424,596,2619,9565,9800000.0,0.0
UNC,233,118,962,1435,7500000.0,0.0
WICC,1246,1009,5898,4318,250000.0,1.0
MITC,88,74,892,1131,6030000.0,1.0
RAVEN,399,383,934,1998,6100000.0,1.0
MYO,327,654,3828,5083,2640000.0,0.0
PVT,130,295,2457,2595,9710000.0,1.0
STP,164,53,667,1088,8000000.0,1.0
BQQQ,73,54,383,770,6500000.0,1.0
ETM,924,1885,7361,4099,12500000.0,1.0
MIX,518,454,2535,6832,7200000.0,1.0
COTI,5787,2285,72560,33364,11000000.0,1.0
PROM,535,164,1508,3123,4850000.0,1.0
CHR,696,1512,12065,6216,13000000.0,1.0
ONE,32454,29516,110713,240522,23000000.0,1.0
MGC,144,90,1125,925,4500000.0,0.0
VDX,53,91,323,213,5610000.0,0.0
RSR,15643,19215,89609,59340,9960000.0,1.0
VOL,105,255,4689,2704,30000.0,1.0
GMAT,24,38,869,608,9820000.0,1.0
ALV,207,403,6019,5425,6840000.0,1.0
TRY,229,488,9275,6884,5600000.0,1.0
OMI,5920,12528,155877,89929,10650000.0,1.0
LEO,3344,1230,7259,17388,1000000000.0,1.0
EVT,192,241,211,476,1600000.0,0.0
CNTM,73,47,526,1311,4500000.0,0.0
WEB,572,326,1980,641,17820000.0,0.0
TT,4737,6443,64441,34414,50500000.0,1.0
EVED,130,370,1068,1479,2550000.0,0.0
OCEAN,3293,6821,20535,32326,31600000.0,0.0
MBL,1061,1111,13146,5661,4080000.0,1.0
BKC,73,61,474,153,3740000.0,1.0
DUO,266,180,2208,1689,5100000.0,1.0
SKP,233,227,3458,2152,230000.0,0.0
MATIC,16515,31434,234378,257289,5600000.0,1.0
ARPA,1730,2295,34165,52439,8000000.0,1.0
DXN,207,83,868,1157,3500000.0,1.0
DREP,1001,1210,39274,13158,22800000.0,1.0
IXB,0,0,0,0,7500000.0,0.0
ATLS,307,211,2742,1625,7600000.0,1.0
LUD,47,59,896,620,500000.0,1.0
FOR,397,328,7172,10651,1000000.0,1.0
CNNS,50,27,154,294,24600000.0,1.0
GT,1937,2628,24316,11113,83000000.0,1.0
AIV,263,209,2339,1710,1600000.0,1.0
UPT,22,47,427,206,8000000.0,0.0
RFOX,1137,859,4600,10954,5650000.0,1.0
IOEX,26,25,176,221,27200000.0,1.0
ACE,10292,6437,73044,31799,160000.0,1.0
FAC,88,95,1077,705,7410000.0,1.0
NEW,639,817,8165,9742,35270000.0,1.0
EVA,1145,938,9089,7438,6000000.0,1.0
UND,492,314,6586,5646,400000.0,1.0
OATH,665,438,6941,8785,4000000.0,1.0
MTV,419,416,4810,7283,18600000.0,1.0
MTV,1204,980,1369,2248,35000000.0,0.0
GTS,46,87,519,629,1500000.0,0.0
LC,1469,980,5728,15733,500000.0,1.0
VELT,23,12,148,164,9000000.0,1.0
ARM,367,390,5196,2816,40010000.0,1.0
VBK,334,138,908,689,7000000.0,1.0
PTI,299,243,1876,1878,2310000.0,0.0
TOP,3583,1508,31379,21658,15000000.0,1.0
LIT,934,701,21505,21405,4900000.0,1.0
CELR,829,567,9139,18765,34000000.0,1.0
XRD,990,2753,12885,15269,18550000.0,0.0
DOS,372,293,5393,1458,1680000.0,1.0
FET,8857,2754,50623,24718,21000000.0,1.0
FYS,1,2,16,15,18000000.0,0.0
CTK,2997,2966,12933,11047,15000000.0,0.0
URAC,3,3,13,21,12000000.0,0.0
BTT,2892,1977,28508,67529,7200000.0,1.0
VNT,1109,1030,4806,5083,15000000.0,0.0
HARA,23,33,298,382,5470000.0,1.0
LTO,585,794,9981,17955,5150000.0,0.0
TEMCO,30,16,101,71,19000000.0,0.0
NDX,14628,9530,67805,36093,3130000.0,1.0
CPT,1253,902,15214,8346,9260000.0,1.0
SKYM,24,20,364,164,20500000.0,1.0
KAT,1055,467,1418,846,19900000.0,0.0
CURV,216,275,1758,3336,13600000.0,0.0
DUSK,1547,916,3571,6991,14400000.0,0.0
COVA,188,174,1094,1418,14020000.0,0.0
UGAS,40,85,1245,1324,20700000.0,1.0
BTMX,347,174,8885,6893,13670000.0,1.0
MM,1464,4030,21517,29969,29000000.0,0.0
NOS,699,1275,3559,14401,16750000.0,0.0
OCE,715,844,24875,19013,11250000.0,1.0
EFIC,1,2,11,7,16000000.0,0.0
ATP,893,325,4819,5558,30000000.0,1.0
GMB,584,463,7109,4286,15000000.0,1.0
YUM,334,376,1438,3106,20000000.0,0.0
AERGO,1364,1785,14224,16975,30000000.0,1.0
LAMB,748,1210,3870,2234,20000000.0,0.0
IRYO,1,2,22,20,26000000.0,0.0
TUT,45,75,684,604,40000000.0,0.0
MHC,275,339,5733,4958,35970000.0,1.0
BOLT,3492,4037,23298,58244,12000000.0,0.0
META,11165,4759,95674,35444,10490000.0,1.0
ANKR,1395,2196,44785,30275,18700000.0,1.0
BGG,275,145,2996,3021,3770000.0,1.0
NEX,1054,676,19269,9956,25000000.0,0.0
DAX,1229,1200,2597,6173,2800000.0,0.0
CRE,790,1427,4296,1776,13640000.0,0.0
VRA,11710,6074,102287,78034,25000000.0,0.0
COCOS,3925,2675,16273,23831,36700000.0,1.0
LX,160,170,595,1688,10000000.0,0.0
ICP,6854,4723,30270,26708,195000000.0,1.0
HBAR,4394,4187,20938,20274,120000000.0,0.0
OGO,55,113,1110,907,30000000.0,0.0
FOAM,107,78,185,400,24000000.0,0.0
DX,885,1032,7311,3516,21500000.0,0.0
ASA,129,214,694,1791,12000000.0,0.0
KAIROS,131,93,1495,791,30000000.0,0.0
FTT,4338,4252,24108,22645,20250000.0,1.0
CODX,1679,1387,3199,7015,12000000.0,1.0
EQUAD,186,67,1180,2025,20000000.0,0.0
LQD,1023,719,9634,8547,34110000.0,0.0
PDXC,2,2,12,5,10000000.0,1.0
MDX,3440,5225,20689,63253,18000000.0,1.0
SPRK,342,217,1272,2425,30000000.0,1.0
DACC,111,152,401,254,14130000.0,0.0
ZXC,54,87,1102,413,9450000.0,1.0
BITX,164,34,864,445,6720000.0,1.0
MAS,278,426,1352,1409,9020000.0,0.0
DTX,196,404,1340,549,12340000.0,0.0
ESS,926,970,11760,12449,25500000.0,1.0
INCX,4,1,11,14,5130000.0,1.0
ELY,265,350,3376,3017,7000000.0,1.0
DAV,141,87,1911,1503,38000000.0,0.0
MTV,1213,453,11287,9725,18600000.0,1.0
MTV,919,1294,12569,10840,35000000.0,0.0
ABL,45,80,218,172,10430000.0,0.0
OLT,367,250,7801,5326,15000000.0,1.0
FTM,16431,17769,257016,78535,39400000.0,1.0
SDT,1427,518,28566,22317,30000000.0,1.0
IMT,902,1497,11924,4593,41500000.0,0.0
ATMI,82,53,632,548,25000000.0,1.0
AR,6524,6392,45490,66766,8700000.0,1.0
HYB,40,71,102,265,50000000.0,0.0
CUZ,92,65,1545,2007,10390000.0,0.0
QKC,597,655,2836,3158,20000000.0,1.0
CARD,1050,495,4456,5682,35000000.0,1.0
BIT,2513,6074,11087,15557,15000000.0,0.0
ECOM,595,264,3700,10319,25000000.0,0.0
RMESH,4,4,13,21,30000000.0,1.0
BBO,479,237,8812,7287,6790000.0,1.0
DCC,388,282,1980,1409,49000000.0,1.0
PI,1378,4463,76804,49172,26670000.0,1.0
SOUL,6195,5061,51336,23958,9650000.0,1.0
ISR,380,242,3075,1665,20000000.0,1.0
CAR,1458,943,15982,13394,22920000.0,1.0
UPP,318,130,2683,1034,27680000.0,1.0
LEMO,86,47,1237,377,7060000.0,0.0
EGT,1785,910,28703,14611,23650000.0,1.0
EDN,207,701,2502,3230,24000000.0,1.0
MVL,390,395,5448,4855,8400000.0,0.0
BWX,255,95,1632,1435,22700000.0,1.0
RTE,1216,1190,9148,6298,17500000.0,1.0
XYO,1882,4604,26340,40853,48000000.0,0.0
TTC,24457,18205,326708,206589,21200000.0,0.0
HER,2477,3021,11506,3333,21770000.0,0.0
ABYSS,460,133,1448,1012,18000000.0,0.0
QNT,6412,13806,86903,97429,36900000.0,0.0
BZNT,38,85,260,437,40000000.0,0.0
HYCON,3,1,13,10,22930000.0,1.0
ELI,246,165,2726,2401,24000000.0,0.0
GEN,822,487,2980,6616,30000000.0,1.0
HOLD,566,336,2779,2933,11300000.0,1.0
GRAIN,1691,4002,11523,21616,14800000.0,0.0
SKM,296,266,3404,3815,16470000.0,1.0
LBA,310,257,797,1904,26400000.0,1.0
MVP,1145,1789,7640,11736,28690000.0,0.0
OMIX,2,2,10,10,35000000.0,1.0
GO,2050,1109,14285,11500,13690000.0,0.0
UBT,3559,3134,54011,54797,13540000.0,1.0
CAN,1901,1887,10621,6316,20000000.0,1.0
BCT,1191,835,5903,3762,51500000.0,0.0
XMOO,1,1,10,13,15000000.0,0.0
HOT,1638,5744,31087,51705,20390000.0,0.0
MORPH,263,579,5007,8523,18000000.0,0.0
DML,168,376,1134,2704,17900000.0,0.0
NBAI,44,38,129,44,17700000.0,0.0
NKN,1074,789,11354,8197,12600000.0,1.0
LND,336,195,1952,1271,10000000.0,1.0
AUC,375,343,1037,452,3870000.0,0.0
OPEN,1254,917,5361,6069,18000000.0,1.0
EMB,988,1091,5157,13774,7000000.0,1.0
COIN,4105,7843,107473,46177,30000000.0,0.0
PLAT,544,540,6796,2831,16670000.0,0.0
THRT,19,28,73,64,30630000.0,0.0
CHX,254,189,8291,13213,5530000.0,0.0
SEELE,79,157,3137,968,12130000.0,1.0
NEXO,3916,4871,26785,33772,52500000.0,1.0
FACE,1617,1572,4970,5893,40800000.0,0.0
NRV,631,483,1808,4783,22840000.0,0.0
EFX,1157,2001,23558,18925,18350000.0,0.0
CAPP,791,999,5033,4595,20000000.0,0.0
CEL,9153,8462,77050,132086,50000000.0,1.0
NCT,1835,938,1958,4417,50000000.0,0.0
VIEW,289,266,1263,539,12000000.0,1.0
FDZ,203,194,431,645,50250000.0,0.0
SPN,266,915,2739,6764,30000000.0,0.0
VLD,239,180,3314,3939,25000000.0,0.0
SWTH,617,1227,11673,16149,8700000.0,1.0
SMT,3682,2409,10048,4018,9680000.0,0.0
DRG,151,221,1525,2248,407500000.0,0.0
MFG,253,437,563,945,19660000.0,0.0
EDR,1206,615,13627,6295,45000000.0,1.0
YEED,36,90,448,751,40000000.0,1.0
SENC,33,58,188,412,14400000.0,1.0
DATX,120,242,1625,1772,44150000.0,0.0
ZCO,183,145,1588,904,8560000.0,1.0
IPSX,14,16,120,86,9330000.0,0.0
PAL,698,365,4296,2175,20170000.0,1.0
CTXC,4278,2104,55999,20603,34870000.0,1.0
TOMO,1185,631,14432,15431,8500000.0,1.0
MAD,1931,1214,8654,8170,25000000.0,1.0
BERRY,4804,1976,54022,90326,30000000.0,0.0
BNK,194,332,883,251,215860000.0,0.0
CGCOIN,1,1,12,4,5000000.0,1.0
IGNT,42,46,61,203,8690000.0,0.0
FTX,4398,5538,19698,25615,25000000.0,0.0
ADH,37,113,1848,1579,17490000.0,1.0
NPX,88,60,965,1185,18320000.0,0.0
LYM,1883,1322,11178,3171,12680000.0,1.0
HT,10091,10011,122743,197097,300000000.0,1.0
DEB,244,178,2847,1464,17200000.0,1.0
ELEC,190,83,905,1814,30000000.0,0.0
TFD,205,723,4358,7386,19090000.0,0.0
BAX,4033,1090,29735,43375,20000000.0,1.0
DOCK,2098,2505,27937,11022,20000000.0,1.0
LST,381,294,3226,1756,47500000.0,1.0
CLN,305,821,5184,8650,50000000.0,0.0
CS,8431,7035,120458,102556,20000000.0,1.0
ZCN,766,995,3474,8747,39000000.0,1.0
REM,597,355,1675,2486,17540000.0,1.0
LIF,116,87,1182,931,10000000.0,1.0
FND,1006,891,3003,7692,15000000.0,0.0
EBC,56,119,283,679,25300000.0,0.0
EXC,479,740,10493,5573,20000000.0,1.0
GBX,640,169,6655,3004,12270000.0,1.0
FSN,0,1,7,11,42190000.0,0.0
CPY,161,193,1610,517,62930000.0,0.0
DTH,90,99,1393,1103,13440000.0,1.0
INSTAR,543,235,4328,1927,17380000.0,0.0
RKT,333,404,16290,7068,27000000.0,1.0
RFR,1563,1284,14194,11061,32250000.0,1.0
CRNC,350,391,2435,2984,36000000.0,1.0
DXT,139,194,1438,3297,40000000.0,0.0
ABT,2762,1017,44852,15698,45000000.0,1.0
REN,1076,3182,11151,15074,34400000.0,0.0
BEE,448,649,6187,8107,15000000.0,1.0
FXT,147,157,1174,1796,36240000.0,1.0
WPR,540,554,4877,2824,40000000.0,1.0
MTN,749,424,730,1014,24000000.0,0.0
WIZ,3496,2855,32572,29424,20000000.0,0.0
AMLT,56,40,389,844,16000000.0,1.0
STQ,110,145,1099,394,25000000.0,1.0
CPX,418,329,5879,4655,25000000.0,1.0
DADI,121,187,634,1579,29000000.0,1.0
SHP,77,131,1478,1998,7420000.0,1.0
EDU,898,694,10579,4899,10000000.0,1.0
NCASH,1589,852,3572,10419,40000000.0,1.0
EXY,911,2050,13417,12123,9470000.0,0.0
CPC,1034,896,3963,3832,30000000.0,1.0
MWAT,505,352,2003,5676,30000000.0,1.0
OCN,1850,1055,59191,28695,11580000.0,1.0
ELA,3831,1266,44197,40648,94070000.0,1.0
XNK,1439,1831,12975,10612,15000000.0,1.0
NPXS,4990,3707,55766,47540,35000000.0,1.0
FOTA,8884,3937,36308,50405,2000000.0,1.0
DTA,873,2601,4810,6663,37990000.0,0.0
BLZ,4459,4647,44738,23384,19500000.0,1.0
EVE,363,83,1316,3002,10000000.0,1.0
MOBI,341,353,4106,4572,39000000.0,1.0
ZPT,339,127,1171,1869,62580000.0,1.0
TRAC,1814,1626,55000,35870,21510000.0,1.0
MAN,2153,736,14915,10845,12590000.0,1.0
EVN,603,274,2615,1926,150000000.0,0.0
IPL,221,66,647,1092,18000000.0,1.0
AID,985,323,5881,5594,18630000.0,1.0
BOON,73,60,668,632,10000000.0,0.0
CV,318,343,2647,1245,19910000.0,1.0
TKY,376,352,5113,5390,22000000.0,1.0
TNC,704,340,1932,2737,20000000.0,1.0
GAT,923,664,7577,5886,14500000.0,1.0
KEY,6586,5410,74318,54478,21780000.0,0.0
ADB,412,296,3264,3837,13960000.0,1.0
MOT,1488,1324,5631,4780,60320000.0,1.0
LALA,685,595,10639,4434,20190000.0,1.0
LATX,54,59,818,796,15000000.0,0.0
FKX,976,637,14915,12018,15000000.0,1.0
AXP,492,317,5715,11379,20000000.0,1.0
LOOM,820,2476,26253,13654,57000000.0,0.0
CHSB,3465,3798,24014,20093,50000000.0,1.0
ARY,115,54,1118,1863,14380000.0,0.0
NTK,58,120,1043,2247,71670000.0,0.0
SHIP,557,478,7151,5015,30000000.0,1.0
CRPT,1284,997,7867,8704,47000000.0,1.0
THETA,3758,3743,15340,12068,20000000.0,1.0
ZIL,9337,8723,33898,65064,22000000.0,1.0
TIO,91,82,1654,1959,135000000.0,0.0
ZIPT,53,19,374,532,19220000.0,1.0
TAU,2068,677,19873,9878,10000000.0,1.0
IOST,2890,1321,32694,12216,31260000.0,0.0
BLT,640,420,2760,2352,1500000.0,1.0
BLT,555,302,5073,5751,80490000.0,0.0
SIG,923,1029,7983,4699,10620000.0,0.0
ABI,603,387,8585,6752,3080000.0,0.0
RDR,1431,1380,22197,17381,2550000.0,1.0
GWT,1449,835,10042,5071,4000000.0,1.0
DIO,1990,1897,19376,16358,600000.0,1.0
CLA,701,306,6117,2760,2260000.0,1.0
MEAN,245,241,14374,10220,3750000.0,1.0
ANGEL,2259,2128,30341,20980,300000.0,1.0
MGG,482,346,1565,5553,2850000.0,0.0
PSTAKE,1746,1205,12260,12972,20000000.0,1.0
IZI,1098,1244,9724,7035,3950000.0,1.0
UPO,1159,1640,3905,5993,160000.0,1.0
UNQ,851,627,3965,3536,3400000.0,1.0
ECIO,1706,1068,5857,20115,1620000.0,0.0
MESA,899,605,6939,8163,2300000.0,1.0
ZWZ,1209,1589,10194,14419,170000.0,1.0
FORWARD,336,298,3756,3204,1450000.0,1.0
SIW,1135,747,12160,5674,1900000.0,1.0
QUAD,2215,1410,14177,20330,5500000.0,1.0
FIGHT,674,570,8000,8741,3380000.0,0.0
LBL,1351,363,5207,7692,3150000.0,1.0
CRF,222,355,1620,2609,80000.0,1.0
CHMB,313,379,5362,2860,400000.0,1.0
GEO,1781,1317,16732,18181,2900000.0,1.0
SAFLE,364,453,9824,8175,5550000.0,1.0
WAM,406,440,7833,4779,2740000.0,1.0
MGOD,1650,1813,22339,24355,4240000.0,1.0
PSB,2126,934,26974,29363,1590000.0,1.0
PEL,604,428,4642,4667,2420000.0,1.0
CTZN,2913,1848,29704,16459,4400000.0,1.0
NITRO,2883,1424,6696,21749,5750000.0,1.0
UNB,2898,1462,26914,17863,9000000.0,1.0
VOXEL,1056,675,9449,10918,6000000.0,1.0
DEHR,369,347,4768,5288,1500000.0,1.0
TSP,703,537,1949,3212,300000.0,1.0
FNC,1144,602,1817,4072,330000.0,0.0
CVZ,554,919,11342,6415,330000.0,0.0
SILO,647,214,6068,4110,10000000.0,1.0
DEVT,540,173,2502,3600,61470000.0,1.0
RACEFI,429,596,7119,7198,3350000.0,1.0
GCOIN,1086,1262,23933,12113,2000000.0,1.0
LMR,260,341,3855,2357,60000000.0,0.0
HPL,2759,1961,45234,45141,3270000.0,1.0
BLOCK,3142,2308,27734,30415,3520000.0,1.0
UMEE,1328,674,10193,8180,38300000.0,1.0
SCT,460,751,5222,8913,2120000.0,0.0
MELD,525,531,5166,1582,350000.0,1.0
RIFI,422,1541,14784,5003,6200000.0,1.0
MSU,2367,1684,11629,17376,2340000.0,1.0
SPRT,2421,1222,27169,12760,320000.0,1.0
CLY,838,622,5702,8354,21000000.0,1.0
HEART,725,825,23644,32355,10170000.0,1.0
SON,1805,1850,1447,3544,3340000.0,0.0
QUIDD,561,957,10539,8211,4500000.0,1.0
SRG,1841,2124,4439,13179,1560000.0,1.0
BTL,1263,480,5387,9996,3150000.0,1.0
ARC,2651,6730,6203,14883,2800000.0,0.0
SIS,735,1012,6190,6045,10080000.0,1.0
WIDI,738,347,4676,2220,100000.0,1.0
DEPO,623,1188,10004,12831,1010000.0,0.0
